isNews,otherWebsiteLink,href,follow_allowed,isFileLink,isBaseOnly,containsNOfollowKeyword,rel,title,urlLength,titleLength,nOfDdigits,nOfForwardSlash,nOfDot,nOfEqual,nOfHash
FALSE,TRUE,http://havadurumu.gazetevatan.com/,TRUE,FALSE,FALSE,FALSE,,,34,0,0,3,2,0,0
FALSE,TRUE,http://www.facebook.com/gazetevatan,TRUE,FALSE,FALSE,FALSE,,,35,0,0,3,2,0,0
FALSE,FALSE,https://www.borsagundem.com/,TRUE,FALSE,TRUE,FALSE,,Borsa Gündem,28,12,0,3,2,0,0
FALSE,FALSE,https://www.posta.com.tr/,TRUE,FALSE,TRUE,FALSE,,,25,0,0,3,3,0,0
FALSE,TRUE,http://twitter.com/vatan,TRUE,FALSE,FALSE,FALSE,,,24,0,0,3,1,0,0
FALSE,FALSE,https://www.gazetevatan.com/,TRUE,FALSE,TRUE,FALSE,,,28,0,0,3,2,0,0
FALSE,FALSE,https://www.borsagundem.com/piyasa-ekrani/yatirimci-masasi,TRUE,FALSE,FALSE,FALSE,,Sorun Yanıtlayalım,58,18,0,4,2,0,0
FALSE,FALSE,https://www.posta.com.tr/gundem,TRUE,FALSE,FALSE,FALSE,,Gündem,31,6,0,3,3,0,0
FALSE,TRUE,http://www.gazetevatan.com/fotogaleri/,TRUE,FALSE,FALSE,FALSE,,,38,0,0,4,2,0,0
FALSE,TRUE,http://videogaleri.gazetevatan.com/,TRUE,FALSE,FALSE,FALSE,,,35,0,0,3,2,0,0
FALSE,TRUE,https://www.finansgundem.com/,TRUE,FALSE,FALSE,FALSE,,Türkiye’nin Finans Merkezi,29,26,0,3,2,0,0
FALSE,TRUE,http://www.otomobilsayfasi.com,TRUE,FALSE,FALSE,FALSE,,Otomobil dünyasıyla ilgili her şey,30,34,0,2,2,0,0
FALSE,TRUE,http://www.teknolojigundem.com/,TRUE,FALSE,FALSE,FALSE,,Teknoloji Gündem,31,16,0,3,2,0,0
FALSE,FALSE,https://www.posta.com.tr/gundem/siyaset,TRUE,FALSE,FALSE,FALSE,,Siyaset,39,7,0,4,3,0,0
FALSE,TRUE,http://finans.gazetevatan.com/endeks-detay/XU100/,TRUE,FALSE,FALSE,FALSE,,,49,0,0,5,2,0,0
FALSE,TRUE,http://finans.gazetevatan.com/euro/,TRUE,FALSE,FALSE,FALSE,,,35,0,0,4,2,0,0
FALSE,TRUE,http://finans.gazetevatan.com/dolar/,TRUE,FALSE,FALSE,FALSE,,,36,0,0,4,2,0,0
FALSE,FALSE,https://www.turkish.shafaqna.com/,TRUE,FALSE,TRUE,FALSE,,,33,0,0,3,3,0,0
FALSE,FALSE,https://www.haberler.com/,TRUE,FALSE,TRUE,FALSE,,"Haber, Son Dakika, Haberler",25,27,0,3,2,0,0
FALSE,FALSE,https://www.sondakika.com/,TRUE,FALSE,TRUE,FALSE,,Son Dakika - Son Dakika Haberleri - Son Haberler,26,48,0,3,2,0,0
FALSE,FALSE,https://www.haberturk.com/ekonomi/borsa,TRUE,FALSE,FALSE,FALSE,,,39,0,0,4,2,0,0
FALSE,FALSE,https://www.f5haber.com/,TRUE,FALSE,TRUE,FALSE,,F5 Haber,24,8,1,3,2,0,0
FALSE,FALSE,https://www.borsagundem.com/sirket-haberleri,TRUE,FALSE,FALSE,FALSE,,Şirket Haberleri,44,16,0,3,2,0,0
FALSE,FALSE,https://www.posta.com.tr/gundem/turkiye,TRUE,FALSE,FALSE,FALSE,,Türkiye,39,7,0,4,3,0,0
FALSE,TRUE,http://finans.gazetevatan.com/altin/,TRUE,FALSE,FALSE,FALSE,,,36,0,0,4,2,0,0
FALSE,TRUE,http://finans.gazetevatan.com/canli-borsa/,TRUE,FALSE,FALSE,FALSE,,,42,0,0,4,2,0,0
FALSE,FALSE,https://www.turkish.shafaqna.com/,TRUE,FALSE,TRUE,FALSE,,,33,0,0,3,3,0,0
FALSE,FALSE,https://www.turkish.shafaqna.com/TR/AL/archive/1,TRUE,FALSE,FALSE,FALSE,,,48,0,0,6,3,0,0
FALSE,FALSE,https://www.turkish.shafaqna.com/TR/AL/page/contact-us,TRUE,FALSE,FALSE,TRUE,,,54,0,0,6,3,0,0
FALSE,FALSE,https://www.turkish.shafaqna.com/rss.xml,TRUE,TRUE,FALSE,FALSE,,,40,0,0,3,4,0,0
FALSE,FALSE,https://www.haberler.com/,TRUE,FALSE,TRUE,FALSE,,Haber,25,5,0,3,2,0,0
FALSE,FALSE,https://www.haberler.com/son-dakika/,TRUE,FALSE,FALSE,FALSE,,Son Dakika,36,10,0,4,2,0,0
FALSE,FALSE,https://www.sondakika.com/,TRUE,FALSE,TRUE,FALSE,,Son Dakika - Son Dakika Haberleri - Son Haberler,26,48,0,3,2,0,0
FALSE,FALSE,https://www.sondakika.com/ekonomi/,TRUE,FALSE,FALSE,FALSE,,Son Dakika Ekonomi Haberleri,34,28,0,4,2,0,0
FALSE,FALSE,https://www.haberturk.com/ekonomi/piyasa/88-dolar,TRUE,FALSE,FALSE,FALSE,,,49,0,0,5,2,0,0
FALSE,FALSE,https://www.haberturk.com/ekonomi/piyasa/89-euro,TRUE,FALSE,FALSE,FALSE,,,48,0,0,5,2,0,0
FALSE,FALSE,https://www.haberturk.com/ekonomi/altin,TRUE,FALSE,FALSE,FALSE,,,39,0,0,4,2,0,0
FALSE,TRUE,https://www.facebook.com/f5haber/,FALSE,FALSE,FALSE,FALSE,noopener,F5Haber Facebook,33,16,1,4,2,0,0
FALSE,TRUE,https://twitter.com/f5haber,FALSE,FALSE,FALSE,FALSE,noopener,F5Haber Twitter,27,15,1,3,1,0,0
FALSE,FALSE,https://www.borsagundem.com/borsa-kulis,TRUE,FALSE,FALSE,FALSE,,Kulis,39,5,0,3,2,0,0
FALSE,FALSE,https://theworldnews.net/,TRUE,FALSE,TRUE,FALSE,,,25,0,0,3,1,0,0
FALSE,FALSE,https://www.posta.com.tr/dunya,TRUE,FALSE,FALSE,FALSE,,Dünya,30,5,0,3,3,0,0
FALSE,TRUE,http://www.gazetevatan.com/,TRUE,FALSE,FALSE,FALSE,,,27,0,0,3,2,0,0
FALSE,TRUE,http://www.gazetevatan.com/calisma-hayati/,TRUE,FALSE,FALSE,FALSE,,Çalışma Hayatı,42,14,0,4,2,0,0
FALSE,FALSE,https://www.turkish.shafaqna.com/EN,TRUE,FALSE,FALSE,FALSE,,,35,0,0,3,3,0,0
TRUE,FALSE,https://www.turkish.shafaqna.com/TR/AL/5892012,TRUE,FALSE,FALSE,FALSE,,,46,0,0,5,3,0,0
FALSE,FALSE,https://www.haberler.com/magazin/,TRUE,FALSE,FALSE,FALSE,,Magazin Haberleri,33,17,0,4,2,0,0
FALSE,FALSE,https://www.sondakika.com/spor/,TRUE,FALSE,FALSE,FALSE,,Son Dakika Spor Haberleri,31,25,0,4,2,0,0
FALSE,FALSE,https://www.haberturk.com/ekonomi/piyasa/1947-faiz,TRUE,FALSE,FALSE,FALSE,,,50,0,0,5,2,0,0
FALSE,FALSE,https://www.haberturk.com/ekonomi/piyasa/2211-bitcoin,TRUE,FALSE,FALSE,FALSE,,,53,0,0,5,2,0,0
FALSE,FALSE,https://www.haberturk.com/ekonomi/borsa,TRUE,FALSE,FALSE,FALSE,,,39,0,0,4,2,0,0
FALSE,FALSE,https://www.f5haber.com/konu/koronavirus,TRUE,FALSE,FALSE,FALSE,,Koronavirüs,40,11,0,4,2,0,0
FALSE,FALSE,https://www.borsagundem.com/piyasa,TRUE,FALSE,FALSE,FALSE,,Piyasa,34,6,0,3,2,0,0
FALSE,FALSE,https://theworldnews.net/buy-traffic,TRUE,FALSE,FALSE,FALSE,,,36,0,0,3,1,0,0
FALSE,FALSE,https://theworldnews.net/,TRUE,FALSE,TRUE,FALSE,,,25,0,0,3,1,0,0
FALSE,FALSE,https://www.posta.com.tr/spor,TRUE,FALSE,FALSE,FALSE,,Spor,29,4,0,3,3,0,0
FALSE,TRUE,http://www.gazetevatan.com/calisma-hayati/emekli,TRUE,FALSE,FALSE,FALSE,,Emekli,48,6,0,4,2,0,0
FALSE,TRUE,http://www.gazetevatan.com/calisma-hayati/calisan-haklari,TRUE,FALSE,FALSE,FALSE,,Çalışan Hakları,57,15,0,4,2,0,0
FALSE,TRUE,http://www.gazetevatan.com/calisma-hayati/personel-alimi,TRUE,FALSE,FALSE,FALSE,,Personel Alımı,56,14,0,4,2,0,0
FALSE,TRUE,/TR/AL/sou/www.cnnturk.com/CNN Turk,TRUE,FALSE,FALSE,FALSE,,,35,0,0,5,2,0,0
TRUE,FALSE,https://www.turkish.shafaqna.com/TR/AL/5892011,TRUE,FALSE,FALSE,FALSE,,,46,0,0,5,3,0,0
FALSE,FALSE,https://www.haberler.com/spor/,TRUE,FALSE,FALSE,FALSE,,Spor Haberleri,30,14,0,4,2,0,0
FALSE,FALSE,https://www.sondakika.com/magazin/,TRUE,FALSE,FALSE,FALSE,,Son Dakika Magazin Haberleri,34,28,0,4,2,0,0
FALSE,FALSE,https://www.haberturk.com/,TRUE,FALSE,TRUE,FALSE,,,26,0,0,3,2,0,0
FALSE,FALSE,https://www.haberturk.com/,TRUE,FALSE,TRUE,FALSE,,,26,0,0,3,2,0,0
FALSE,FALSE,https://www.haberturk.com/,TRUE,FALSE,TRUE,FALSE,,,26,0,0,3,2,0,0
FALSE,FALSE,https://www.f5haber.com/gazete-mansetleri,TRUE,FALSE,FALSE,FALSE,,Gazete Manşetleri,41,17,0,3,2,0,0
FALSE,FALSE,https://www.borsagundem.com/gundem,TRUE,FALSE,FALSE,FALSE,,Gündem,34,6,0,3,2,0,0
FALSE,FALSE,https://theworldnews.net/,TRUE,FALSE,TRUE,FALSE,,,25,0,0,3,1,0,0
FALSE,FALSE,https://theworldnews.net/,TRUE,FALSE,TRUE,FALSE,,,25,0,0,3,1,0,0
FALSE,FALSE,https://theworldnews.net/,TRUE,FALSE,TRUE,FALSE,,,25,0,0,3,1,0,0
FALSE,FALSE,https://www.posta.com.tr/ekonomi,TRUE,FALSE,FALSE,FALSE,,Ekonomi,32,7,0,3,3,0,0
FALSE,TRUE,http://www.gazetevatan.com/calisma-hayati/cok-sorulanlar,TRUE,FALSE,FALSE,FALSE,,Uzmana Sor,56,10,0,4,2,0,0
FALSE,TRUE,http://www.gazetevatan.com/calisma-hayati/isveren,TRUE,FALSE,FALSE,FALSE,,KOBİ,49,4,0,4,2,0,0
FALSE,TRUE,/TR/AL/sou/www.cnnturk.com/CNN Turk,TRUE,FALSE,FALSE,FALSE,,,35,0,0,5,2,0,0
TRUE,FALSE,https://www.turkish.shafaqna.com/TR/AL/5892010,TRUE,FALSE,FALSE,FALSE,,,46,0,0,5,3,0,0
FALSE,TRUE,/TR/AL/sou/www.cnnturk.com/CNN Turk,TRUE,FALSE,FALSE,FALSE,,,35,0,0,5,2,0,0
FALSE,FALSE,https://www.haberler.com/ekonomi/,TRUE,FALSE,FALSE,FALSE,,Ekonomi,33,7,0,4,2,0,0
FALSE,FALSE,https://www.sondakika.com/dunya/,TRUE,FALSE,FALSE,FALSE,,Son Dakika Dünya Haberleri,32,26,0,4,2,0,0
FALSE,FALSE,https://www.haberturk.com/,TRUE,FALSE,TRUE,FALSE,,,26,0,0,3,2,0,0
FALSE,FALSE,https://www.haberturk.com/kullanimkosullari,TRUE,FALSE,FALSE,TRUE,,Kullanım Koşulları,43,18,0,3,2,0,0
FALSE,FALSE,https://www.f5haber.com/gundem,TRUE,FALSE,FALSE,FALSE,,Gündem,30,6,0,3,2,0,0
FALSE,FALSE,https://www.borsagundem.com/hisse-onerileri,TRUE,FALSE,FALSE,FALSE,,Hisse Öneri Listesi,43,19,0,3,2,0,0
FALSE,FALSE,https://theworldnews.net/tr-news,TRUE,FALSE,FALSE,FALSE,,,32,0,0,3,1,0,0
FALSE,FALSE,https://theworldnews.net/tr-news,TRUE,FALSE,FALSE,FALSE,,,32,0,0,3,1,0,0
FALSE,TRUE,http://www.gazetevatan.com/calisma-hayati/memur,TRUE,FALSE,FALSE,FALSE,,Memur,47,5,0,4,2,0,0
FALSE,TRUE,http://www.gazetevatan.com/gundem/,TRUE,FALSE,FALSE,FALSE,,Gündem,34,6,0,4,2,0,0
FALSE,TRUE,http://sampiy10.gazetevatan.com/,TRUE,FALSE,FALSE,FALSE,,Şampiy10,32,8,2,3,2,0,0
FALSE,FALSE,https://www.posta.com.tr/magazin,TRUE,FALSE,FALSE,FALSE,,Magazin,32,7,0,3,3,0,0
TRUE,FALSE,https://www.turkish.shafaqna.com/TR/AL/5892009,TRUE,FALSE,FALSE,FALSE,,,46,0,0,5,3,0,0
FALSE,TRUE,/TR/AL/sou/www.cnnturk.com/CNN Turk,TRUE,FALSE,FALSE,FALSE,,,35,0,0,5,2,0,0
TRUE,FALSE,https://www.turkish.shafaqna.com/TR/AL/5892008,TRUE,FALSE,FALSE,FALSE,,,46,0,0,5,3,0,0
FALSE,TRUE,/TR/AL/sou/www.takvim.com.tr/takvim,TRUE,FALSE,FALSE,FALSE,,,35,0,0,5,3,0,0
FALSE,TRUE,https://indirimkodu.haberler.com/,TRUE,FALSE,FALSE,FALSE,,İndirim Kuponları,33,17,0,3,2,0,0
FALSE,FALSE,https://www.haberler.com/tumu/,TRUE,FALSE,FALSE,FALSE,,Tümü,30,4,0,4,2,0,0
FALSE,FALSE,https://www.sondakika.com/yerel-haberler/,TRUE,FALSE,FALSE,FALSE,,Son Dakika Yerel Haberler,41,25,0,4,2,0,0
FALSE,FALSE,https://www.haberturk.com/privacy,TRUE,FALSE,FALSE,TRUE,,Gizlilik Politikası,33,19,0,3,2,0,0
FALSE,FALSE,https://www.f5haber.com/ekonomi,TRUE,FALSE,FALSE,FALSE,,Ekonomi,31,7,0,3,2,0,0
FALSE,FALSE,https://www.borsagundem.com/teknik-analiz,TRUE,FALSE,FALSE,FALSE,,Teknik Analiz,41,13,0,3,2,0,0
FALSE,FALSE,https://theworldnews.net/#tr-today,TRUE,FALSE,FALSE,FALSE,,,34,0,0,3,1,0,1
FALSE,FALSE,https://theworldnews.net/#tr-edited,TRUE,FALSE,FALSE,FALSE,,,35,0,0,3,1,0,1
FALSE,FALSE,https://theworldnews.net/#tr-removed,TRUE,FALSE,FALSE,FALSE,,,36,0,0,3,1,0,1
FALSE,TRUE,http://www.gazetevatan.com/siyaset/,TRUE,FALSE,FALSE,FALSE,,Siyaset,35,7,0,4,2,0,0
FALSE,TRUE,http://www.gazetevatan.com/ekonomi/,TRUE,FALSE,FALSE,FALSE,,Ekonomi,35,7,0,4,2,0,0
TRUE,FALSE,https://www.turkish.shafaqna.com/TR/AL/5892007,TRUE,FALSE,FALSE,FALSE,,,46,0,0,5,3,0,0
FALSE,TRUE,/TR/AL/sou/www.aa.com.tr/Anadolu Ajansi,TRUE,FALSE,FALSE,FALSE,,,39,0,0,5,3,0,0
TRUE,FALSE,https://www.turkish.shafaqna.com/TR/AL/5892006,TRUE,FALSE,FALSE,FALSE,,,46,0,0,5,3,0,0
FALSE,TRUE,/TR/AL/sou/www.aa.com.tr/Anadolu Ajansi,TRUE,FALSE,FALSE,FALSE,,,39,0,0,5,3,0,0
FALSE,FALSE,https://www.posta.com.tr/magazin/cumartesipostasi,TRUE,FALSE,FALSE,FALSE,,Cumartesi Postası,49,17,0,4,3,0,0
FALSE,TRUE,https://portal.haberler.com/Login/,FALSE,FALSE,FALSE,FALSE,nofollow,Üye Girişi,34,10,0,4,2,0,0
FALSE,TRUE,https://indirimkodu.haberler.com/,FALSE,FALSE,FALSE,FALSE,nofollow noopener,İndirim Kuponları,33,17,0,3,2,0,0
TRUE,FALSE,https://www.sondakika.com/haber/haber-altin-522-5-lira-ile-son-7-ayin-en-yuksek-14162301/,TRUE,FALSE,FALSE,FALSE,,"Altın 522,5 lira ile son 7 ayın en yüksek seviyesinde",89,53,5,5,2,0,0
FALSE,FALSE,https://www.haberturk.com/,TRUE,FALSE,TRUE,FALSE,,,26,0,0,3,2,0,0
FALSE,FALSE,https://www.haberturk.com/,TRUE,FALSE,TRUE,FALSE,,,26,0,0,3,2,0,0
FALSE,FALSE,https://www.f5haber.com/spor,TRUE,FALSE,FALSE,FALSE,,Spor,28,4,0,3,2,0,0
FALSE,FALSE,https://theworldnews.net/,TRUE,FALSE,TRUE,FALSE,,,25,0,0,3,1,0,0
FALSE,FALSE,https://theworldnews.net/,TRUE,FALSE,TRUE,FALSE,,,25,0,0,3,1,0,0
FALSE,FALSE,https://www.borsagundem.com/neden-yukseldi,TRUE,FALSE,FALSE,FALSE,,Neden Yükseldi,42,14,0,3,2,0,0
FALSE,TRUE,http://www.gazetevatan.com/dunya/,TRUE,FALSE,FALSE,FALSE,,Dünya,33,5,0,4,2,0,0
FALSE,TRUE,http://www.gazetevatan.com/magazin/,TRUE,FALSE,FALSE,FALSE,,Magazin,35,7,0,4,2,0,0
TRUE,FALSE,https://www.turkish.shafaqna.com/TR/AL/5892005,TRUE,FALSE,FALSE,FALSE,,,46,0,0,5,3,0,0
FALSE,TRUE,/TR/AL/sou/www.aa.com.tr/Anadolu Ajansi,TRUE,FALSE,FALSE,FALSE,,,39,0,0,5,3,0,0
FALSE,FALSE,https://www.posta.com.tr/magazin/pazarpostasi,TRUE,FALSE,FALSE,FALSE,,Pazar Postası,45,13,0,4,3,0,0
FALSE,TRUE,https://ad.doubleclick.net/ddm/trackclk/N462801.271929HABERLER.COM/B25146109.292343007;dc_trk_aid=485674185;dc_trk_cid=143871927;dc_lat=;dc_rdid=;tag_for_child_directed_treatment=;tfua=;gdpr=${GDPR};gdpr_consent=${GDPR_CONSENT_755};ltd=,FALSE,FALSE,FALSE,FALSE,nofollow,,236,0,0,6,5,9,0
TRUE,FALSE,https://www.haberler.com/son-dakika-8-60-sinirina-dayanan-dolar-tum-14162179-haberi/,TRUE,FALSE,FALSE,FALSE,,"Son dakika: Dolar 8,59 ile euro 8,47 ile rekor tazeledi",84,55,6,4,2,0,0
TRUE,FALSE,https://www.sondakika.com/haber/haber-oyuncu-ece-hakim-harvard-universitesi-nden-mezun-14162299/,TRUE,FALSE,FALSE,FALSE,,"Oyuncu Ece Hakim, Harvard Üniversitesi’nden mezun oldu",96,54,0,5,2,0,0
FALSE,FALSE,https://www.haberturk.com/canliyayin,TRUE,FALSE,FALSE,FALSE,,,36,0,0,3,2,0,0
FALSE,FALSE,https://www.haberturk.com/video,TRUE,FALSE,FALSE,FALSE,,HT Video,31,8,0,3,2,0,0
FALSE,FALSE,https://www.f5haber.com/,TRUE,FALSE,TRUE,FALSE,,,24,0,0,3,2,0,0
FALSE,FALSE,https://theworldnews.net/,TRUE,FALSE,TRUE,FALSE,,,25,0,0,3,1,0,0
FALSE,FALSE,https://theworldnews.net/tr-news/,TRUE,FALSE,FALSE,FALSE,,,33,0,0,4,1,0,0
FALSE,FALSE,https://theworldnews.net/,TRUE,FALSE,TRUE,FALSE,,,25,0,0,3,1,0,0
FALSE,FALSE,https://www.borsagundem.com/neden-dustu,TRUE,FALSE,FALSE,FALSE,,Neden Düştü ?,39,13,0,3,2,0,0
FALSE,TRUE,http://www.gazetevatan.com/oyun/,TRUE,FALSE,FALSE,FALSE,,Oyun,32,4,0,4,2,0,0
FALSE,FALSE,https://www.gazetevatan.com/,TRUE,FALSE,TRUE,FALSE,,,28,0,0,3,2,0,0
FALSE,TRUE,http://www.gazetevatan.com/,TRUE,FALSE,FALSE,FALSE,,Ana Sayfa,27,9,0,3,2,0,0
TRUE,FALSE,https://www.turkish.shafaqna.com/TR/AL/5892004,TRUE,FALSE,FALSE,FALSE,,,46,0,0,5,3,0,0
FALSE,TRUE,/TR/AL/sou/www.trt.net.tr/TRT,TRUE,FALSE,FALSE,FALSE,,,29,0,0,5,3,0,0
TRUE,FALSE,https://www.turkish.shafaqna.com/TR/AL/5892003,TRUE,FALSE,FALSE,FALSE,,,46,0,0,5,3,0,0
FALSE,TRUE,/TR/AL/sou/www.trt.net.tr/TRT,TRUE,FALSE,FALSE,FALSE,,,29,0,0,5,3,0,0
FALSE,FALSE,https://www.posta.com.tr/sosyal-yasam,TRUE,FALSE,FALSE,FALSE,,Yaşam,37,5,0,3,3,0,0
TRUE,FALSE,https://www.haberler.com/diyarbakir-da-iki-kuyuda-petrol-bulunmasi-sevinc-14161408-haberi/,TRUE,FALSE,FALSE,FALSE,,Arpa ektikleri yerden petrol fışkırdı! İşte Cumhurbaşkanı Erdoğan'ın bahsettiği o kuyu,90,86,0,4,2,0,0
TRUE,FALSE,https://www.sondakika.com/haber/haber-sedat-peker-iddialarinin-ardindan-gundeme-gelen-14162275/,TRUE,FALSE,FALSE,FALSE,,Sedat Peker iddialarının ardından gündeme gelen Emniyet Genel Müdür Yardımcısı Çalışkan: Beni nasıl açığa alacaklar bir görelim bakalım,95,135,0,5,2,0,0
FALSE,FALSE,https://www.haberturk.com/,TRUE,FALSE,TRUE,FALSE,,,26,0,0,3,2,0,0
FALSE,FALSE,https://www.f5haber.com/#menu,TRUE,FALSE,FALSE,FALSE,,,29,0,0,3,2,0,1
FALSE,FALSE,https://theworldnews.net/,TRUE,FALSE,TRUE,FALSE,,,25,0,0,3,1,0,0
FALSE,FALSE,https://theworldnews.net/,TRUE,FALSE,TRUE,FALSE,,,25,0,0,3,1,0,0
FALSE,FALSE,https://theworldnews.net/,TRUE,FALSE,TRUE,FALSE,,,25,0,0,3,1,0,0
FALSE,FALSE,https://www.borsagundem.com/yazarlar,TRUE,FALSE,FALSE,TRUE,,Yazarlar,36,8,0,3,2,0,0
FALSE,TRUE,http://www.gazetevatan.com/gazete/,TRUE,FALSE,FALSE,FALSE,,Bugünkü Vatan,34,13,0,4,2,0,0
FALSE,TRUE,http://www.gazetevatan.com/calisma-hayati/,TRUE,FALSE,FALSE,FALSE,,Çalışma Hayatı,42,14,0,4,2,0,0
FALSE,TRUE,http://videogaleri.gazetevatan.com/,TRUE,FALSE,FALSE,FALSE,,Video,35,5,0,3,2,0,0
TRUE,FALSE,https://www.turkish.shafaqna.com/TR/AL/5892002,TRUE,FALSE,FALSE,FALSE,,,46,0,0,5,3,0,0
FALSE,TRUE,/TR/AL/sou/www.sabah.com.tr/tasnim,TRUE,FALSE,FALSE,FALSE,,,34,0,0,5,3,0,0
TRUE,FALSE,https://www.posta.com.tr/insan/astroloji,TRUE,FALSE,FALSE,FALSE,,Astroloji,40,9,0,4,3,0,0
TRUE,FALSE,https://www.haberler.com/sedat-peker-iddialari-sonrasi-gundeme-gelen-14162236-haberi/,TRUE,FALSE,FALSE,FALSE,,Sedat Peker iddiaları sonrası gündeme gelen Emniyet Genel Müdür Yardımcısı Çalışkan: Beni nasıl açığa alacaklar bir görelim bakalım,85,131,0,4,2,0,0
FALSE,FALSE,https://qoshe.com/login,TRUE,FALSE,FALSE,FALSE,,,23,0,0,3,1,0,0
TRUE,FALSE,https://www.sondakika.com/haber/haber-iki-kadinin-katil-zanlisinin-babasinin-da-kadin-14162252/,TRUE,FALSE,FALSE,FALSE,,İki kadının katil zanlısının babasının da kadın katili olduğu ortaya çıktı,95,74,0,5,2,0,0
FALSE,FALSE,https://www.haberturk.com/uyelik/bilgi_guncelle,TRUE,FALSE,FALSE,TRUE,,,47,0,0,4,2,0,0
TRUE,FALSE,https://www.f5haber.com/gopartners/5c43882a686b218316292c56?url=http%3A%2F%2Fwww.hurriyet.com.tr%2Fyazarlar%2Fabdulkadir-selvi%2Fdemirtas-hdpli-bakan-icin-ne-demis-41819986&ref=yazarlar,TRUE,FALSE,FALSE,FALSE,,"Demirtaş, HDP’li bakan için ne demiş?",185,37,0,4,5,2,0
FALSE,FALSE,https://theworldnews.net/us-news,TRUE,FALSE,FALSE,FALSE,,,32,0,0,3,1,0,0
FALSE,FALSE,https://theworldnews.net/us-news,TRUE,FALSE,FALSE,FALSE,,,32,0,0,3,1,0,0
FALSE,TRUE,http://www.borsagundem.com/piyasa-ekrani/kripto-para/BTC,TRUE,FALSE,FALSE,FALSE,,,56,0,0,5,2,0,0
FALSE,TRUE,http://www.borsagundem.com/piyasa-ekrani/kripto-para/ETH,TRUE,FALSE,FALSE,FALSE,,,56,0,0,5,2,0,0
FALSE,TRUE,http://www.gazetevatan.com/fotogaleri/,TRUE,FALSE,FALSE,FALSE,,Foto Galeri,38,11,0,4,2,0,0
TRUE,FALSE,https://www.turkish.shafaqna.com/TR/AL/5892001,TRUE,FALSE,FALSE,FALSE,,,46,0,0,5,3,0,0
FALSE,TRUE,/TR/AL/sou/www.trt.net.tr/TRT,TRUE,FALSE,FALSE,FALSE,,,29,0,0,5,3,0,0
FALSE,FALSE,https://www.posta.com.tr/alisveris,TRUE,FALSE,FALSE,FALSE,,Alışveriş,34,9,0,3,3,0,0
TRUE,FALSE,https://www.haberler.com/bakan-koca-normallesme-icin-hazirlik-yaptiklarini-14161853-haberi/,TRUE,FALSE,FALSE,FALSE,,Bakan Koca normalleşme için hazırlık yaptıklarını belirtmişti! 1 Haziran sonrası için taslak plan ortaya çıktı,91,110,1,4,2,0,0
FALSE,FALSE,https://qoshe.com/info,TRUE,FALSE,FALSE,FALSE,,,22,0,0,3,1,0,0
FALSE,FALSE,https://qoshe.com/,TRUE,FALSE,TRUE,FALSE,,,18,0,0,3,1,0,0
FALSE,FALSE,https://qoshe.com/au,TRUE,FALSE,FALSE,FALSE,,,20,0,0,3,1,0,0
TRUE,FALSE,https://www.sondakika.com/haber/haber-son-dakika-daha-once-bu-rakamlar-gorulmedi-14162244/,TRUE,FALSE,FALSE,FALSE,,"Son dakika: Daha önce bu rakamlar görülmedi Dolar 8,5995, euro 8,47",90,67,8,5,2,0,0
FALSE,FALSE,https://www.haberturk.com/gundem,TRUE,FALSE,FALSE,FALSE,,Gündem,32,6,0,3,2,0,0
FALSE,FALSE,https://www.f5haber.com/gopartners/5c43882a686b218316292c63?url=https%3A%2F%2Fwww.posta.com.tr%2Fyazarlar%2Fmurat-celik%2Fmaskesiz-hayat-icin-asi-seferberligi-sart-2334186&ref=yazarlar,TRUE,FALSE,FALSE,TRUE,,Maskesiz hayat için aşı seferberliği şart,184,41,0,4,5,2,0
FALSE,FALSE,https://theworldnews.net/#us-today,TRUE,FALSE,FALSE,FALSE,,,34,0,0,3,1,0,1
FALSE,FALSE,https://theworldnews.net/#us-edited,TRUE,FALSE,FALSE,FALSE,,,35,0,0,3,1,0,1
FALSE,TRUE,http://www.borsagundem.com/piyasa-ekrani/kripto-para/EXEN,TRUE,FALSE,FALSE,FALSE,,,57,0,0,5,2,0,0
FALSE,TRUE,http://www.gazetevatan.com/magazin/,TRUE,FALSE,FALSE,FALSE,,Magazin,35,7,0,4,2,0,0
FALSE,TRUE,http://www.gazetevatan.com/namaz-vakitleri/,TRUE,FALSE,FALSE,FALSE,,Namaz Vakitleri,43,15,0,4,2,0,0
FALSE,TRUE,http://www.gazetevatan.com/gundem/,TRUE,FALSE,FALSE,FALSE,,Gündem,34,6,0,4,2,0,0
TRUE,FALSE,https://www.turkish.shafaqna.com/TR/AL/5892000,TRUE,FALSE,FALSE,FALSE,,,46,0,0,5,3,0,0
FALSE,TRUE,/TR/AL/sou/www.takvim.com.tr/takvim,TRUE,FALSE,FALSE,FALSE,,,35,0,0,5,3,0,0
TRUE,FALSE,https://www.turkish.shafaqna.com/TR/AL/5891999,TRUE,FALSE,FALSE,FALSE,,,46,0,0,5,3,0,0
FALSE,FALSE,https://www.posta.com.tr/insan/ask-iliskiler,TRUE,FALSE,FALSE,FALSE,,Aşk & İlişkiler,44,15,0,4,3,0,0
TRUE,FALSE,https://www.haberler.com/kim-jong-un-aldigi-kararlara-uymayan-kisiyi-14161887-haberi/,TRUE,FALSE,FALSE,FALSE,,"Kim Jong-un, yasa dışı film satan adamı 500 kişi önünde kurşuna dizdirdi",85,72,3,4,2,0,0
FALSE,FALSE,https://qoshe.com/az,TRUE,FALSE,FALSE,FALSE,,,20,0,0,3,1,0,0
FALSE,FALSE,https://qoshe.com/bg,TRUE,FALSE,FALSE,FALSE,,,20,0,0,3,1,0,0
TRUE,FALSE,https://www.sondakika.com/haber/haber-diyarbakir-da-iki-kuyuda-petrol-bulunmasi-sevinc-14161408/,TRUE,FALSE,FALSE,FALSE,,Arpa ektikleri yerden petrol fışkırdı İşte Cumhurbaşkanı Erdoğan’ın bahsettiği o kuyu,96,85,0,5,2,0,0
FALSE,FALSE,https://www.haberturk.com/gundem/politika,TRUE,FALSE,FALSE,FALSE,,Politika,41,8,0,4,2,0,0
FALSE,FALSE,https://www.f5haber.com/gopartners/5c43882a686b218316292c56?url=http%3A%2F%2Fwww.hurriyet.com.tr%2Fyazarlar%2Fahmet-hakan%2Fkorkut-ekene-sorulmayan-sorunun-yasamsal-onemi-41819983&ref=yazarlar,TRUE,FALSE,FALSE,TRUE,,Korkut Eken’e sorulmayan sorunun yaşamsal önemi,192,47,0,4,5,2,0
FALSE,FALSE,https://theworldnews.net/#us-removed,TRUE,FALSE,FALSE,FALSE,,,36,0,0,3,1,0,1
FALSE,TRUE,http://www.borsagundem.com/piyasa-ekrani/kripto-para/XRP,TRUE,FALSE,FALSE,FALSE,,,56,0,0,5,2,0,0
FALSE,TRUE,http://www.borsagundem.com/piyasa-ekrani/kripto-para/LTC,TRUE,FALSE,FALSE,FALSE,,,56,0,0,5,2,0,0
FALSE,TRUE,http://www.borsagundem.com/piyasa-ekrani/kripto-para/BCH,TRUE,FALSE,FALSE,FALSE,,,56,0,0,5,2,0,0
FALSE,TRUE,http://sampiy10.gazetevatan.com/,TRUE,FALSE,FALSE,FALSE,,Şampy10,32,7,2,3,2,0,0
FALSE,TRUE,/TR/AL/sou/www.takvim.com.tr/takvim,TRUE,FALSE,FALSE,FALSE,,,35,0,0,5,3,0,0
TRUE,FALSE,https://www.turkish.shafaqna.com/TR/AL/5891998,TRUE,FALSE,FALSE,FALSE,,,46,0,0,5,3,0,0
FALSE,TRUE,/TR/AL/sou/www.trt.net.tr/TRT,TRUE,FALSE,FALSE,FALSE,,,29,0,0,5,3,0,0
TRUE,FALSE,https://www.turkish.shafaqna.com/TR/AL/5891997,TRUE,FALSE,FALSE,FALSE,,,46,0,0,5,3,0,0
FALSE,FALSE,https://www.turkish.shafaqna.com/TR/AL/sou/tr.sputniknews.com/sputniknews,TRUE,FALSE,FALSE,FALSE,,,73,0,0,7,5,0,0
FALSE,FALSE,https://www.posta.com.tr/insan/moda,TRUE,FALSE,FALSE,FALSE,,Moda,35,4,0,4,3,0,0
TRUE,FALSE,https://www.haberler.com/bagdaki-kopek-ile-dev-yilanin-olumune-kapismasi-14162133-haberi/,TRUE,FALSE,FALSE,FALSE,,Bağdaki köpek ile dev yılanın ölümüne kapışması kamerada!,89,57,0,4,2,0,0
FALSE,FALSE,https://qoshe.com/be,TRUE,FALSE,FALSE,FALSE,,,20,0,0,3,1,0,0
FALSE,FALSE,https://qoshe.com/bo,TRUE,FALSE,FALSE,FALSE,,,20,0,0,3,1,0,0
FALSE,FALSE,https://qoshe.com/ba,TRUE,FALSE,FALSE,FALSE,,,20,0,0,3,1,0,0
TRUE,FALSE,https://www.sondakika.com/haber/haber-ihracat-nisan-ayinda-yuzde-109-2-artti-14162160/,TRUE,FALSE,FALSE,FALSE,,"İhracat nisan ayında yüzde 109,2 arttı",86,38,4,5,2,0,0
FALSE,FALSE,https://www.haberturk.com/gundem/ucuncu-sayfa,TRUE,FALSE,FALSE,FALSE,,3.Sayfa,45,7,1,4,2,0,0
FALSE,FALSE,https://www.f5haber.com/gopartners/5c43882a686b218316292c56?url=http%3A%2F%2Fwww.hurriyet.com.tr%2Fsporarena%2Fyazarlar%2Fertugrul-ozkok%2Fkalbi-egede-kalanlar-ve-izmir-artik-tam-kadro-sahada-41820009&ref=yazarlar,TRUE,FALSE,FALSE,TRUE,,Kalbi Ege'de kalanlar ve İzmir artık tam kadro sahada,213,53,0,4,5,2,0
FALSE,FALSE,https://theworldnews.net/,TRUE,FALSE,TRUE,FALSE,,,25,0,0,3,1,0,0
FALSE,FALSE,https://theworldnews.net/,TRUE,FALSE,TRUE,FALSE,,,25,0,0,3,1,0,0
FALSE,TRUE,http://www.borsagundem.com/piyasa-ekrani/kripto-para/NEO,TRUE,FALSE,FALSE,FALSE,,,56,0,0,5,2,0,0
FALSE,FALSE,https://www.borsagundem.com/piyasa-ekrani,TRUE,FALSE,FALSE,FALSE,,Piyasa Ekranı,41,13,0,3,2,0,0
FALSE,TRUE,http://www.gazetevatan.com/dunya/,TRUE,FALSE,FALSE,FALSE,,Dünya,33,5,0,4,2,0,0
FALSE,TRUE,http://www.gazetevatan.com/ekonomi/,TRUE,FALSE,FALSE,FALSE,,Ekonomi,35,7,0,4,2,0,0
TRUE,FALSE,https://www.turkish.shafaqna.com/TR/AL/5891996,TRUE,FALSE,FALSE,FALSE,,,46,0,0,5,3,0,0
FALSE,FALSE,https://www.turkish.shafaqna.com/TR/AL/sou/tr.sputniknews.com/sputniknews,TRUE,FALSE,FALSE,FALSE,,,73,0,0,7,5,0,0
TRUE,FALSE,https://www.turkish.shafaqna.com/TR/AL/5891995,TRUE,FALSE,FALSE,FALSE,,,46,0,0,5,3,0,0
FALSE,FALSE,https://www.posta.com.tr/insan/bakim,TRUE,FALSE,FALSE,FALSE,,Bakım,36,5,0,4,3,0,0
TRUE,FALSE,https://www.haberler.com/cumhurbaskani-erdogan-27-yil-once-yerini-isaret-14161924-haberi/,TRUE,FALSE,FALSE,FALSE,,Cumhurbaşkanı Erdoğan'ın 27 yıl önce yerini işaret ettiği Taksim'deki cami bugün açılıyor,89,89,2,4,2,0,0
FALSE,FALSE,https://qoshe.com/br,TRUE,FALSE,FALSE,FALSE,,,20,0,0,3,1,0,0
FALSE,FALSE,https://qoshe.com/ca,TRUE,FALSE,FALSE,FALSE,,,20,0,0,3,1,0,0
FALSE,FALSE,https://qoshe.com/cl,TRUE,FALSE,FALSE,FALSE,,,20,0,0,3,1,0,0
TRUE,FALSE,https://www.sondakika.com/haber/haber-bagdaki-kopek-ile-dev-yilan-kapisti-o-anlar-14162157/,TRUE,FALSE,FALSE,FALSE,,Bağdaki köpek ile dev yılan kapıştı O anlar saniye saniye kaydedildi,91,68,0,5,2,0,0
FALSE,FALSE,https://www.haberturk.com/gundem/egitim,TRUE,FALSE,FALSE,FALSE,,Eğitim,39,6,0,4,2,0,0
FALSE,FALSE,https://www.f5haber.com/gopartners/5c43882a686b218316292c56?url=http%3A%2F%2Fwww.hurriyet.com.tr%2Fyazarlar%2Fnedim-sener%2Fterorist-pkk-ve-mafyanin-arabulucu-gazetecileri-41819973&ref=yazarlar,TRUE,FALSE,FALSE,TRUE,,Terörist PKK ve mafyanın arabulucu gazetecileri,193,47,0,4,5,2,0
FALSE,FALSE,https://theworldnews.net/,TRUE,FALSE,TRUE,FALSE,,,25,0,0,3,1,0,0
FALSE,FALSE,https://theworldnews.net/us-news/,TRUE,FALSE,FALSE,FALSE,,,33,0,0,4,1,0,0
FALSE,FALSE,https://theworldnews.net/,TRUE,FALSE,TRUE,FALSE,,,25,0,0,3,1,0,0
FALSE,FALSE,https://www.borsagundem.com/piyasa-ekrani/kripto-para,TRUE,FALSE,FALSE,FALSE,,KRİPTO PARA,53,11,0,4,2,0,0
FALSE,TRUE,http://finans.gazetevatan.com/,TRUE,FALSE,FALSE,FALSE,,Finans,30,6,0,3,2,0,0
FALSE,TRUE,http://www.gazetevatan.com/yasam/,TRUE,FALSE,FALSE,FALSE,,Yaşam,33,5,0,4,2,0,0
FALSE,FALSE,https://www.turkish.shafaqna.com/TR/AL/sou/tr.sputniknews.com/sputniknews,TRUE,FALSE,FALSE,FALSE,,,73,0,0,7,5,0,0
TRUE,FALSE,https://www.turkish.shafaqna.com/TR/AL/5891994,TRUE,FALSE,FALSE,FALSE,,,46,0,0,5,3,0,0
FALSE,FALSE,https://www.posta.com.tr/ebeveyn,TRUE,FALSE,FALSE,FALSE,,Anne&Çocuk,32,10,0,3,3,0,0
TRUE,FALSE,https://www.haberler.com/kpss-giris-ucretinin-300-liraya-yukseldigi-14161952-haberi/,TRUE,FALSE,FALSE,FALSE,,KPSS giriş ücretinin 300 liraya yükseldiği iddiası sosyal medyada gündem oldu,84,77,3,4,2,0,0
FALSE,FALSE,https://qoshe.com/co,TRUE,FALSE,FALSE,FALSE,,,20,0,0,3,1,0,0
FALSE,FALSE,https://qoshe.com/cu,TRUE,FALSE,FALSE,FALSE,,,20,0,0,3,1,0,0
FALSE,FALSE,https://qoshe.com/de,TRUE,FALSE,FALSE,FALSE,,,20,0,0,3,1,0,0
TRUE,FALSE,https://www.sondakika.com/haber/haber-aksener-erdogan-in-kendisi-icin-kullandigi-14162154/,TRUE,FALSE,FALSE,FALSE,,"Akşener, Erdoğan’ın kendisi için kullandığı “Gelin hanım“ ifadesine yanıt verdi: Benim de kayınbirader demem lazım",90,114,0,5,2,0,0
FALSE,FALSE,https://www.haberturk.com/gundem/guvenlik,TRUE,FALSE,FALSE,FALSE,,Güvenlik,41,8,0,4,2,0,0
FALSE,FALSE,https://www.f5haber.com/gopartners/5c43882a686b218316292c63?url=https%3A%2F%2Fwww.posta.com.tr%2Fyazarlar%2Fhakan-celik%2Fguzel-haberlere-ihtiyacimiz-var-2334185&ref=yazarlar,TRUE,FALSE,FALSE,TRUE,,Güzel haberlere ihtiyacımız var,174,31,0,4,5,2,0
FALSE,FALSE,https://theworldnews.net/,TRUE,FALSE,TRUE,FALSE,,,25,0,0,3,1,0,0
FALSE,FALSE,https://theworldnews.net/,TRUE,FALSE,TRUE,FALSE,,,25,0,0,3,1,0,0
FALSE,FALSE,https://www.borsagundem.com/piyasa-ekrani/canli-borsa,TRUE,FALSE,FALSE,FALSE,,CANLI BORSA,53,11,0,4,2,0,0
FALSE,TRUE,http://www.gazetevatan.com/corona-virusu-haberleri/,TRUE,FALSE,FALSE,FALSE,,Koronavirüs,51,11,0,4,2,0,0
FALSE,TRUE,http://www.gazetevatan.com/egitim/,TRUE,FALSE,FALSE,FALSE,,Eğitim,34,6,0,4,2,0,0
FALSE,FALSE,https://www.turkish.shafaqna.com/TR/AL/sou/sondakika.haber7.com/Haber 7,TRUE,FALSE,FALSE,FALSE,,,71,0,0,7,5,0,0
TRUE,FALSE,https://www.turkish.shafaqna.com/TR/AL/5891993,TRUE,FALSE,FALSE,FALSE,,,46,0,0,5,3,0,0
FALSE,FALSE,https://www.turkish.shafaqna.com/TR/AL/sou/sondakika.haber7.com/Haber 7,TRUE,FALSE,FALSE,FALSE,,,71,0,0,7,5,0,0
TRUE,FALSE,https://www.turkish.shafaqna.com/TR/AL/5891992,TRUE,FALSE,FALSE,FALSE,,,46,0,0,5,3,0,0
FALSE,FALSE,https://www.posta.com.tr/insan/egzersiz-diyet,TRUE,FALSE,FALSE,FALSE,,Egzersiz & Diyet,45,16,0,4,3,0,0
FALSE,TRUE,https://ads.haberler.com/redir.asp?tur=reklam&url=https%3A%2F%2Fwww%2Egreyder%2Ecom%2Foutlet%3Fo%3D35%26t%3D4437%252C4419%26utm%5Fsource%3Dhaberlerdesktop%26utm%5Fmedium%3Dbanner,FALSE,FALSE,FALSE,FALSE,me nofollow noopener,Greyder,178,7,0,3,3,2,0
TRUE,FALSE,https://www.haberler.com/cinsel-iliskiye-girmeyi-reddeden-karisini-olduren-14162033-haberi/,TRUE,FALSE,FALSE,FALSE,,"Cinsel ilişkiye girmeyi reddeden karısını öldüren adam, ardından da çocuklarına kıydı",91,85,0,4,2,0,0
FALSE,FALSE,https://qoshe.com/dk,TRUE,FALSE,FALSE,FALSE,,,20,0,0,3,1,0,0
FALSE,FALSE,https://qoshe.com/es,TRUE,FALSE,FALSE,FALSE,,,20,0,0,3,1,0,0
FALSE,FALSE,https://qoshe.com/gr,TRUE,FALSE,FALSE,FALSE,,,20,0,0,3,1,0,0
TRUE,FALSE,https://www.sondakika.com/haber/haber-akraba-kavgasi-kanli-bitti-kursunlarin-hedefi-14162132/,TRUE,FALSE,FALSE,FALSE,,Akraba kavgası kanlı bitti Kurşunların hedefi olan baba ile oğul yaşamını yitirdi,93,81,0,5,2,0,0
FALSE,FALSE,https://www.haberturk.com/gundem/inanc,TRUE,FALSE,FALSE,FALSE,,İnanç,38,5,0,4,2,0,0
FALSE,FALSE,https://www.f5haber.com/gopartners/5c43882a686b218316292c58?url=https%3A%2F%2Fwww.milliyet.com.tr%2Fyazarlar%2Fmelih-asik%2Fanadoluda-sanat-6515615&ref=yazarlar,TRUE,FALSE,FALSE,TRUE,,Anadolu’da sanat,160,16,0,4,5,2,0
FALSE,FALSE,https://theworldnews.net/,TRUE,FALSE,TRUE,FALSE,,,25,0,0,3,1,0,0
FALSE,FALSE,https://theworldnews.net/gb-news,TRUE,FALSE,FALSE,FALSE,,,32,0,0,3,1,0,0
FALSE,FALSE,https://www.borsagundem.com/piyasa-ekrani/canli-borsa,TRUE,FALSE,FALSE,FALSE,,CANLI BORSA,53,11,0,4,2,0,0
FALSE,TRUE,http://www.gazetevatan.com/konut-emlak/,TRUE,FALSE,FALSE,FALSE,,Konut-Emlak,39,11,0,4,2,0,0
FALSE,TRUE,http://www.gazetevatan.com/otomobil/,TRUE,FALSE,FALSE,FALSE,,Otomobil,36,8,0,4,2,0,0
FALSE,TRUE,http://canliskor.gazetevatan.com/,TRUE,FALSE,FALSE,FALSE,,Canlı Skor,33,10,0,3,2,0,0
FALSE,FALSE,https://www.turkish.shafaqna.com/TR/AL/sou/sondakika.haber7.com/Haber 7,TRUE,FALSE,FALSE,FALSE,,,71,0,0,7,5,0,0
TRUE,FALSE,https://www.turkish.shafaqna.com/TR/AL/5891991,TRUE,FALSE,FALSE,FALSE,,,46,0,0,5,3,0,0
FALSE,TRUE,/TR/AL/sou/www.trt.net.tr/TRT,TRUE,FALSE,FALSE,FALSE,,,29,0,0,5,3,0,0
FALSE,FALSE,https://www.posta.com.tr/saglik,TRUE,FALSE,FALSE,FALSE,,Sağlık,31,6,0,3,3,0,0
TRUE,FALSE,https://www.haberler.com/kanadali-parasutcu-ekili-tarlaya-indi-ciftcinin-14161143-haberi/,TRUE,FALSE,FALSE,FALSE,,Ekili tarlaya inen Kanadalı paraşütçüyle Burdurlu çiftçinin diyaloğu izleyenleri gülme krizine soktu,89,100,0,4,2,0,0
FALSE,FALSE,https://qoshe.com/fr,TRUE,FALSE,FALSE,FALSE,,,20,0,0,3,1,0,0
FALSE,FALSE,https://qoshe.com/hr,TRUE,FALSE,FALSE,FALSE,,,20,0,0,3,1,0,0
FALSE,FALSE,https://qoshe.com/in/en,TRUE,FALSE,FALSE,FALSE,,,23,0,0,4,1,0,0
TRUE,FALSE,https://www.sondakika.com/haber/haber-binadaki-kotu-kokuya-dayanamayan-komsularin-14162121/,TRUE,FALSE,FALSE,FALSE,,Binadaki kötü kokuya dayanamayan komşuların ihbarı üzerine polis evde cansız beden buldu,91,88,0,5,2,0,0
FALSE,FALSE,https://www.haberturk.com/gundem/ankara,TRUE,FALSE,FALSE,FALSE,,Ankara,39,6,0,4,2,0,0
FALSE,TRUE,http://www.star.com.tr/yazar/sasilacak-bir-sey-yok-yazi-1631614/,TRUE,FALSE,FALSE,FALSE,,Şaşılacak bir şey yok,64,21,0,5,3,0,0
FALSE,FALSE,https://www.f5haber.com/gopartners/5c438829686b218316292c53?url=https%3A%2F%2Fwww.haberturk.com%2Fyazarlar%2Ffatih-altayli-1001%2F3085455-alamet&ref=yazarlar,TRUE,FALSE,FALSE,TRUE,,Alamet,157,6,0,4,4,2,0
FALSE,FALSE,https://theworldnews.net/gb-news,TRUE,FALSE,FALSE,FALSE,,,32,0,0,3,1,0,0
FALSE,FALSE,https://theworldnews.net/#gb-today,TRUE,FALSE,FALSE,FALSE,,,34,0,0,3,1,0,1
FALSE,FALSE,https://theworldnews.net/#gb-edited,TRUE,FALSE,FALSE,FALSE,,,35,0,0,3,1,0,1
FALSE,TRUE,http://run.admost.com/adx/goto.ashx?pbk=369544-234966-38362,TRUE,FALSE,FALSE,FALSE,,,59,0,0,4,3,1,0
FALSE,FALSE,https://www.borsagundem.com/#turkiye,TRUE,FALSE,FALSE,FALSE,,,36,0,0,3,2,0,1
FALSE,TRUE,http://www.gazetevatan.com/saglik/,TRUE,FALSE,FALSE,FALSE,,Sağlık,34,6,0,4,2,0,0
FALSE,TRUE,http://tvrehberi.gazetevatan.com/,TRUE,FALSE,FALSE,FALSE,,TV Rehberi,33,10,0,3,2,0,0
FALSE,TRUE,http://www.gazetevatan.com/astroloji/,TRUE,FALSE,FALSE,FALSE,,Astroloji,37,9,0,4,2,0,0
TRUE,FALSE,https://www.turkish.shafaqna.com/TR/AL/5891990,TRUE,FALSE,FALSE,FALSE,,,46,0,0,5,3,0,0
TRUE,FALSE,https://www.turkish.shafaqna.com/TR/AL/5891987,TRUE,FALSE,FALSE,FALSE,,,46,0,0,5,3,0,0
FALSE,FALSE,https://www.posta.com.tr/sosyal-yasam/bilim-teknoloji,TRUE,FALSE,FALSE,FALSE,,Bilim & Teknoloji,53,17,0,4,3,0,0
TRUE,FALSE,https://www.haberler.com/iki-kadinin-katil-zanlisinin-babasi-da-kadin-14162026-haberi/,TRUE,FALSE,FALSE,FALSE,,İki kadının katil zanlısının babası da kadın katili çıktı,86,57,0,4,2,0,0
FALSE,FALSE,https://qoshe.com/ie,TRUE,FALSE,FALSE,FALSE,,,20,0,0,3,1,0,0
FALSE,FALSE,https://qoshe.com/it,TRUE,FALSE,FALSE,FALSE,,,20,0,0,3,1,0,0
TRUE,FALSE,https://www.sondakika.com/fotogaleri/kylie-bildigimiz-gibi-bir-avuc-bikinisiyle/,TRUE,FALSE,FALSE,FALSE,,Kylie bildiğimiz gibi Bir avuç bikinisiyle Instagram’ı kasıp kavurdu,80,68,0,5,2,0,0
FALSE,FALSE,https://www.haberturk.com/gundem/istanbul,TRUE,FALSE,FALSE,FALSE,,İstanbul,41,8,0,4,2,0,0
FALSE,FALSE,https://www.f5haber.com/gopartners/5c438829686b218316292c53?url=https%3A%2F%2Fwww.haberturk.com%2Fyazarlar%2Fmurat-bardakci%2F3081807-kudus-buyuk-muftusunun-1937deki-yardim-talebine-cevap-vermedik-zira-muftu-bize-gore-rejim-dusmani-id&ref=yazarlar,TRUE,FALSE,FALSE,TRUE,,Kudüs Büyük Müftüsü'nün 1937'deki yardım talebine cevap vermedik...,247,67,4,4,4,2,0
FALSE,FALSE,https://theworldnews.net/#gb-removed,TRUE,FALSE,FALSE,FALSE,,,36,0,0,3,1,0,1
FALSE,FALSE,https://theworldnews.net/,TRUE,FALSE,TRUE,FALSE,,,25,0,0,3,1,0,0
FALSE,FALSE,https://www.borsagundem.com/#yurtdisi,TRUE,FALSE,FALSE,FALSE,,,37,0,0,3,2,0,1
FALSE,FALSE,https://www.borsagundem.com/#parite,TRUE,FALSE,FALSE,FALSE,,,35,0,0,3,2,0,1
FALSE,TRUE,http://havadurumu.gazetevatan.com,TRUE,FALSE,FALSE,FALSE,,Hava Durumu,33,11,0,2,2,0,0
FALSE,TRUE,http://www.gazetevatan.com/teknoloji/,TRUE,FALSE,FALSE,FALSE,,Teknoloji,37,9,0,4,2,0,0
TRUE,FALSE,https://www.turkish.shafaqna.com/TR/AL/5891986,TRUE,FALSE,FALSE,FALSE,,,46,0,0,5,3,0,0
FALSE,TRUE,/TR/AL/sou/www.takvim.com.tr/takvim,TRUE,FALSE,FALSE,FALSE,,,35,0,0,5,3,0,0
FALSE,FALSE,https://www.posta.com.tr/seyahat,TRUE,FALSE,FALSE,FALSE,,Seyahat,32,7,0,3,3,0,0
TRUE,FALSE,https://www.haberler.com/ugruna-esini-oldurdugu-bebegin-babasi-cikti-14160987-haberi/,TRUE,FALSE,FALSE,FALSE,,"Hamile karısını ""Bebek benden değil"" diyerek öldüren eş, bebeğin babası çıktı",85,77,0,4,2,0,0
FALSE,FALSE,https://qoshe.com/lb,TRUE,FALSE,FALSE,FALSE,,,20,0,0,3,1,0,0
FALSE,FALSE,https://qoshe.com/lu,TRUE,FALSE,FALSE,FALSE,,,20,0,0,3,1,0,0
TRUE,FALSE,https://www.sondakika.com/haber/haber-mezarlikta-beyaz-carsaf-sakasi-yaptilar-o-anlari-14162071/,TRUE,FALSE,FALSE,FALSE,,"Mezarlıkta beyaz çarşaf şakası yaptılar, o anları kaydettiler",96,61,0,5,2,0,0
FALSE,FALSE,https://www.haberturk.com/gundem/ege,TRUE,FALSE,FALSE,FALSE,,Ege,36,3,0,4,2,0,0
FALSE,TRUE,https://www.sozcu.com.tr/2021/yazarlar/soner-yalcin/izninizle-159-6436457/,TRUE,FALSE,FALSE,FALSE,,İzninizle...,74,12,0,7,3,0,0
FALSE,FALSE,https://theworldnews.net/,TRUE,FALSE,TRUE,FALSE,,,25,0,0,3,1,0,0
FALSE,FALSE,https://theworldnews.net/,TRUE,FALSE,TRUE,FALSE,,,25,0,0,3,1,0,0
FALSE,FALSE,https://theworldnews.net/gb-news/,TRUE,FALSE,FALSE,FALSE,,,33,0,0,4,1,0,0
FALSE,FALSE,https://www.borsagundem.com/#artan,TRUE,FALSE,FALSE,FALSE,,,34,0,0,3,2,0,1
FALSE,FALSE,https://www.borsagundem.com/#azalan,TRUE,FALSE,FALSE,FALSE,,,35,0,0,3,2,0,1
FALSE,FALSE,https://www.borsagundem.com/#kripto,TRUE,FALSE,FALSE,FALSE,,,35,0,0,3,2,0,1
FALSE,TRUE,http://www.gazetevatan.com/kultur-sanat/,TRUE,FALSE,FALSE,FALSE,,Kültür & Sanat,40,14,0,4,2,0,0
FALSE,TRUE,http://member.gazetevatan.com/girisyap.asp,TRUE,FALSE,FALSE,FALSE,,Üyelik,42,6,0,3,3,0,0
FALSE,TRUE,http://www.gazetevatan.com/iletisim/,TRUE,FALSE,FALSE,FALSE,,İletişim,36,8,0,4,2,0,0
TRUE,FALSE,https://www.turkish.shafaqna.com/TR/AL/5891985,TRUE,FALSE,FALSE,FALSE,,,46,0,0,5,3,0,0
FALSE,TRUE,/TR/AL/sou/www.aa.com.tr/Anadolu Ajansi,TRUE,FALSE,FALSE,FALSE,,,39,0,0,5,3,0,0
TRUE,FALSE,https://www.posta.com.tr/sosyal-yasam/kultur-sanat,TRUE,FALSE,FALSE,FALSE,,Kültür & Sanat,50,14,0,4,3,0,0
TRUE,FALSE,https://www.haberler.com/gogsumuzu-kabartti-oyuncu-ece-hakim-harvard-14162224-haberi/,TRUE,FALSE,FALSE,FALSE,,"Göğsümüzü kabarttı! Oyuncu Ece Hakim, Harvard Üniversitesi'nden mezun oldu",85,74,0,4,2,0,0
FALSE,FALSE,https://qoshe.com/mx,TRUE,FALSE,FALSE,FALSE,,,20,0,0,3,1,0,0
FALSE,FALSE,https://qoshe.com/nl,TRUE,FALSE,FALSE,FALSE,,,20,0,0,3,1,0,0
FALSE,FALSE,https://qoshe.com/nz,TRUE,FALSE,FALSE,FALSE,,,20,0,0,3,1,0,0
TRUE,FALSE,https://www.sondakika.com/haber/haber-yuksek-kar-vaat-edip-topladigi-paralarla-sirra-14162065/,TRUE,FALSE,FALSE,FALSE,,Yüksek kar vaat edip topladığı paralarla sırra kadem bastılar Bir Çiftlik Bank vakası daha,94,90,0,5,2,0,0
FALSE,FALSE,https://www.haberturk.com/gundem/cevre,TRUE,FALSE,FALSE,FALSE,,Çevre,38,5,0,4,2,0,0
FALSE,TRUE,http://www.aksam.com.tr/yazarlar/ahmet-kekec/siz-chpliler-hep-boyle-misiniz/haber-1121035,TRUE,FALSE,FALSE,FALSE,,Siz CHP'liler hep böyle misiniz?,89,32,0,6,3,0,0
TRUE,FALSE,https://www.f5haber.com/diego-costaya-turkiyeden-surpriz-talip-fotogaleri-5939236,TRUE,FALSE,FALSE,FALSE,,Diego Costa'ya Türkiye'den sürpriz talip,81,40,0,3,2,0,0
FALSE,FALSE,https://theworldnews.net/,TRUE,FALSE,TRUE,FALSE,,,25,0,0,3,1,0,0
FALSE,FALSE,https://www.borsagundem.com/piyasa-ekrani/endeksler,TRUE,FALSE,FALSE,FALSE,,,51,0,0,4,2,0,0
FALSE,FALSE,https://www.borsagundem.com/piyasa-ekrani/doviz/serbest-piyasa,TRUE,FALSE,FALSE,FALSE,,,62,0,0,5,2,0,0
FALSE,TRUE,http://www.gazetevatan.com/kunye/,TRUE,FALSE,FALSE,FALSE,,Künye,33,5,0,4,2,0,0
FALSE,TRUE,http://www.gazetevatan.com/reklam/,TRUE,FALSE,FALSE,FALSE,,Reklam,34,6,0,4,2,0,0
TRUE,FALSE,https://www.turkish.shafaqna.com/TR/AL/5891984,TRUE,FALSE,FALSE,FALSE,,,46,0,0,5,3,0,0
FALSE,TRUE,/TR/AL/sou/www.aa.com.tr/Anadolu Ajansi,TRUE,FALSE,FALSE,FALSE,,,39,0,0,5,3,0,0
FALSE,FALSE,https://www.posta.com.tr/evde-yasam/evcil-dostlar,TRUE,FALSE,FALSE,FALSE,,Evcil Dostlar,49,13,0,4,3,0,0
TRUE,FALSE,https://www.haberler.com/altinin-gram-fiyati-520-5-lira-seviyesinden-islem-14162173-haberi/,TRUE,FALSE,FALSE,FALSE,,"Altın 522,5 lira ile son 7 ayın en yüksek seviyesini gördü",91,58,5,4,2,0,0
FALSE,FALSE,https://qoshe.com/no,TRUE,FALSE,FALSE,FALSE,,,20,0,0,3,1,0,0
FALSE,FALSE,https://qoshe.com/at,TRUE,FALSE,FALSE,FALSE,,,20,0,0,3,1,0,0
TRUE,FALSE,https://www.sondakika.com/haber/haber-fahriye-evcen-karizmatik-bir-karesini-paylasan-14162062/,TRUE,FALSE,FALSE,FALSE,,"Fahriye Evcen, karizmatik bir karesini paylaşan Burak Özçivit’e yorum yaptı: Çok tatlısınız beyefendi",94,101,0,5,2,0,0
FALSE,FALSE,https://www.haberturk.com/gundem/vefat,TRUE,FALSE,FALSE,FALSE,,Vefat,38,5,0,4,2,0,0
TRUE,FALSE,https://www.f5haber.com/spor/bordo-mavililer-hamsike-goz-koydu-5939259,TRUE,FALSE,FALSE,FALSE,,Bordo-mavililer Hamsik'e göz koydu!,70,35,0,4,2,0,0
FALSE,FALSE,https://theworldnews.net/,TRUE,FALSE,TRUE,FALSE,,,25,0,0,3,1,0,0
FALSE,FALSE,https://www.borsagundem.com/piyasa-ekrani/doviz/serbest-piyasa,TRUE,FALSE,FALSE,FALSE,,,62,0,0,5,2,0,0
FALSE,FALSE,https://www.borsagundem.com/piyasa-ekrani/altin,TRUE,FALSE,FALSE,FALSE,,,47,0,0,4,2,0,0
FALSE,TRUE,http://www.gazetevatan.com/basin-ilan/,TRUE,FALSE,FALSE,FALSE,,Basın - İlan,38,12,0,4,2,0,0
FALSE,TRUE,https://bildirim.gazetevatan.com/,TRUE,FALSE,FALSE,FALSE,,Web Bildirimleri,33,16,0,3,2,0,0
TRUE,FALSE,https://www.turkish.shafaqna.com/TR/AL/5891983,TRUE,FALSE,FALSE,FALSE,,,46,0,0,5,3,0,0
FALSE,TRUE,/TR/AL/sou/www.aa.com.tr/Anadolu Ajansi,TRUE,FALSE,FALSE,FALSE,,,39,0,0,5,3,0,0
FALSE,FALSE,https://www.posta.com.tr/sosyal-yasam/doga,TRUE,FALSE,FALSE,FALSE,,Çevre,42,5,0,4,3,0,0
TRUE,FALSE,https://www.haberler.com/fahriye-evcen-den-karizmatik-pozunu-paylasan-14162027-haberi/,TRUE,FALSE,FALSE,FALSE,,Fahriye Evcen'den karizmatik pozunu paylaşan Burak Özçivit'e yorum: Çok tatlısınız beyefendi,86,92,0,4,2,0,0
FALSE,FALSE,https://qoshe.com/pk/en,TRUE,FALSE,FALSE,FALSE,,,23,0,0,4,1,0,0
TRUE,FALSE,https://www.sondakika.com/haber/haber-cinsel-iliskiye-girmek-istemeyen-karisini-oldurup-14162052/,TRUE,FALSE,FALSE,FALSE,,"Cinsel ilişkiye girmek istemeyen karısını öldürüp, ardından çocuklarına kıydı",97,77,0,5,2,0,0
FALSE,FALSE,https://www.haberturk.com/ekonomi,TRUE,FALSE,FALSE,FALSE,,Ekonomi,33,7,0,3,2,0,0
TRUE,FALSE,https://www.f5haber.com/spor/galatasarayin-gozu-kouyatede-5939250,TRUE,FALSE,FALSE,FALSE,,Galatasaray'ın gözü Kouyate'de,65,30,0,4,2,0,0
FALSE,FALSE,https://theworldnews.net/,TRUE,FALSE,TRUE,FALSE,,,25,0,0,3,1,0,0
FALSE,FALSE,https://theworldnews.net/,TRUE,FALSE,TRUE,FALSE,,,25,0,0,3,1,0,0
FALSE,FALSE,https://theworldnews.net/de-news,TRUE,FALSE,FALSE,FALSE,,,32,0,0,3,1,0,0
FALSE,FALSE,https://www.borsagundem.com/piyasa-ekrani/altin,TRUE,FALSE,FALSE,FALSE,,,47,0,0,4,2,0,0
FALSE,FALSE,https://www.borsagundem.com/piyasa-ekrani/endeksler/uluslararasi-endeksler,TRUE,FALSE,FALSE,FALSE,,,74,0,0,5,2,0,0
FALSE,FALSE,https://www.borsagundem.com/piyasa-ekrani/endeksler/uluslararasi-endeksler,TRUE,FALSE,FALSE,FALSE,,,74,0,0,5,2,0,0
FALSE,FALSE,https://www.gazetevatan.com/,TRUE,FALSE,TRUE,FALSE,,,28,0,0,3,2,0,0
FALSE,TRUE,https://bildirim.gazetevatan.com,TRUE,FALSE,FALSE,FALSE,,,32,0,0,2,2,0,0
FALSE,TRUE,https://bildirim.gazetevatan.com,TRUE,FALSE,FALSE,FALSE,,,32,0,0,2,2,0,0
FALSE,FALSE,https://www.gazetevatan.com/,TRUE,FALSE,TRUE,FALSE,,,28,0,0,3,2,0,0
TRUE,FALSE,https://www.turkish.shafaqna.com/TR/AL/5891982,TRUE,FALSE,FALSE,FALSE,,,46,0,0,5,3,0,0
FALSE,TRUE,/TR/AL/sou/www.trt.net.tr/TRT,TRUE,FALSE,FALSE,FALSE,,,29,0,0,5,3,0,0
TRUE,FALSE,https://www.turkish.shafaqna.com/TR/AL/5891981,TRUE,FALSE,FALSE,FALSE,,,46,0,0,5,3,0,0
FALSE,FALSE,https://www.posta.com.tr/evde-yasam/pratik-bilgiler,TRUE,FALSE,FALSE,FALSE,,Pratik Bilgiler,51,15,0,4,3,0,0
TRUE,FALSE,https://www.haberler.com/fotogaleri/kylie-bildigimiz-gibi-bir-avuc-bikinisiyle/,TRUE,FALSE,FALSE,FALSE,,Kylie bildiğimiz gibi! Bir avuç bikinisiyle Instagram'ı kasıp kavurdu,79,69,0,5,2,0,0
FALSE,FALSE,https://qoshe.com/pk/ur,TRUE,FALSE,FALSE,FALSE,,,23,0,0,4,1,0,0
FALSE,FALSE,https://qoshe.com/pe,TRUE,FALSE,FALSE,FALSE,,,20,0,0,3,1,0,0
FALSE,FALSE,https://qoshe.com/ru,TRUE,FALSE,FALSE,FALSE,,,20,0,0,3,1,0,0
TRUE,FALSE,https://www.sondakika.com/haber/haber-kpss-giris-ucretinin-300-liraya-yukseldigi-14161969/,TRUE,FALSE,FALSE,FALSE,,KPSS giriş ücretinin 300 liraya yükseldiği iddiası sosyal medyayı salladı,90,73,3,5,2,0,0
FALSE,FALSE,https://www.haberturk.com/ekonomi/altin,TRUE,FALSE,FALSE,FALSE,,Altın,39,5,0,4,2,0,0
TRUE,FALSE,https://www.f5haber.com/fenerbahce-aboubakara-resmi-teklif-yapti-fotogaleri-5939243,TRUE,FALSE,FALSE,FALSE,,Fenerbahçe Aboubakar'a resmi teklif yaptı,83,41,0,3,2,0,0
FALSE,FALSE,https://theworldnews.net/de-news,TRUE,FALSE,FALSE,FALSE,,,32,0,0,3,1,0,0
FALSE,FALSE,https://theworldnews.net/#de-today,TRUE,FALSE,FALSE,FALSE,,,34,0,0,3,1,0,1
FALSE,FALSE,https://www.borsagundem.com/piyasa-ekrani/endeksler/uluslararasi-endeksler,TRUE,FALSE,FALSE,FALSE,,,74,0,0,5,2,0,0
FALSE,FALSE,https://www.borsagundem.com/piyasa-ekrani/endeksler/uluslararasi-endeksler,TRUE,FALSE,FALSE,FALSE,,,74,0,0,5,2,0,0
TRUE,FALSE,http://www.gazetevatan.com/meteoroloji-den-48-il-icin-son-dakika-uyarisi-cok-kuvvetli-ve--1393257-gundem/,TRUE,FALSE,FALSE,FALSE,,"Meteoroloji'den son dakika uyarısı! İller tek tek açıklandı, çok kuvvetli...",105,76,0,4,2,0,0
TRUE,FALSE,http://www.gazetevatan.com/sgk-ssk-li-bag-kur-lu-emekli-memur-milyonlari-ilgilendiriyor-1393249-calisma-hayati-galeri-haber/,TRUE,FALSE,FALSE,FALSE,,"SGK, SSK’lı, BAĞ-KUR’lu, emekli, memur, milyonları ilgilendiriyor! 1 ay süresi var, 15 bin lira…",124,96,3,4,2,0,0
FALSE,TRUE,/TR/AL/sou/www.takvim.com.tr/takvim,TRUE,FALSE,FALSE,FALSE,,,35,0,0,5,3,0,0
TRUE,FALSE,https://www.turkish.shafaqna.com/TR/AL/5891980,TRUE,FALSE,FALSE,FALSE,,,46,0,0,5,3,0,0
FALSE,FALSE,https://www.posta.com.tr/evde-yasam/yemek,TRUE,FALSE,FALSE,FALSE,,Yemek,41,5,0,4,3,0,0
TRUE,FALSE,https://www.haberler.com/bir-ciftlik-bank-skandali-daha-yuksek-kar-vaat-14162022-haberi/,TRUE,FALSE,FALSE,FALSE,,Bir Çiftlik Bank vakası daha! Yüksek kar vaat edip topladığı paralarla sırra kadem bastılar,88,91,0,4,2,0,0
FALSE,FALSE,https://qoshe.com/pt,TRUE,FALSE,FALSE,FALSE,,,20,0,0,3,1,0,0
TRUE,FALSE,https://www.sondakika.com/haber/haber-cumhurbaskani-erdogan-27-yil-once-yerini-isaret-14161966/,TRUE,FALSE,FALSE,FALSE,,"Cumhurbaşkanı Erdoğan, 27 yıl önce yerini işaret etmişti Taksim’deki cami bugün açılıyor",95,88,2,5,2,0,0
FALSE,FALSE,https://www.haberturk.com/ekonomi/doviz,TRUE,FALSE,FALSE,FALSE,,Döviz,39,5,0,4,2,0,0
TRUE,FALSE,https://www.f5haber.com/gonul-dagi-dizisinde-dilek-gidiyor-olay-diyalog-izlemek-istemeyeceginiz-sahne-fotogaleri-5938075,TRUE,FALSE,FALSE,FALSE,,Gönül Dağı dizisinde Dilek gidiyor; Olay diyalog - İzlemek istemeyeceğiniz sahne,120,80,0,3,2,0,0
FALSE,FALSE,https://theworldnews.net/#de-edited,TRUE,FALSE,FALSE,FALSE,,,35,0,0,3,1,0,1
FALSE,FALSE,https://theworldnews.net/#de-removed,TRUE,FALSE,FALSE,FALSE,,,36,0,0,3,1,0,1
FALSE,FALSE,https://theworldnews.net/,TRUE,FALSE,TRUE,FALSE,,,25,0,0,3,1,0,0
FALSE,FALSE,https://www.borsagundem.com/piyasa-ekrani/endeksler/uluslararasi-endeksler,TRUE,FALSE,FALSE,FALSE,,,74,0,0,5,2,0,0
FALSE,FALSE,https://www.borsagundem.com/piyasa-ekrani/doviz/parite,TRUE,FALSE,FALSE,FALSE,,,54,0,0,5,2,0,0
FALSE,TRUE,http://www.gazetevatan.com/radar-kayitlari-dunyayi-soke-etti-savas-gemisinin-cevresini-saran-14-adet-ufo--66127-galeri-dunya-fotogaleri/?fc=ok&NewID=58AB268E-9D17-4CA3-BFBD-145EC38C43D4,TRUE,FALSE,FALSE,FALSE,,Radar kayıtları dünyayı şoke etti! Savaş gemisinin çevresini saran 14 adet UFO...,185,81,2,4,2,2,0
FALSE,TRUE,http://sampiy10.gazetevatan.com/dzeko-rosier-aboubakar-caulker-anthony-brooks-fenerbahce-transferde-dort-koldan-saldiriyor-66129-galeri-spor-sampiy10-galeri/?fc=ok&NewID=DA4A09FB-331D-49DC-85AA-4B84C4AD63CC,TRUE,FALSE,FALSE,FALSE,,Bu kadro Şampiyonlar Ligi'nde final oynar! Ali Koç'un listesinden tam 6 yıldız çıktı,206,84,1,4,2,2,0
FALSE,TRUE,http://www.gazetevatan.com/meteoroloji-den-48-il-icin-son-dakika-uyarisi-cok-kuvvetli-ve--1393257-gundem/,TRUE,FALSE,FALSE,FALSE,,"Meteoroloji'den son dakika uyarısı! İller tek tek açıklandı, çok kuvvetli...",105,76,0,4,2,0,0
FALSE,TRUE,/TR/AL/sou/www.trt.net.tr/TRT,TRUE,FALSE,FALSE,FALSE,,,29,0,0,5,3,0,0
TRUE,FALSE,https://www.turkish.shafaqna.com/TR/AL/5891979,TRUE,FALSE,FALSE,FALSE,,,46,0,0,5,3,0,0
TRUE,FALSE,https://www.turkish.shafaqna.com/TR/AL/sou/sondakika.haber7.com/Haber 7,TRUE,FALSE,FALSE,FALSE,,,71,0,0,7,5,0,0
FALSE,FALSE,https://www.posta.com.tr/sosyal-yasam/egitim-kariyer,TRUE,FALSE,FALSE,FALSE,,Eğitim & Kariyer,52,16,0,4,3,0,0
TRUE,FALSE,https://www.haberler.com/servetine-servet-ekleyen-aleyna-tilki-600-bin-tl-14162146-haberi/,TRUE,FALSE,FALSE,FALSE,,"Servetine servet katan Aleyna Tilki, 600 bin TL'lik reklam anlaşmasına imza attı",90,80,3,4,2,0,0
FALSE,FALSE,https://qoshe.com/sg,TRUE,FALSE,FALSE,FALSE,,,20,0,0,3,1,0,0
FALSE,FALSE,https://qoshe.com/rs,TRUE,FALSE,FALSE,FALSE,,,20,0,0,3,1,0,0
FALSE,FALSE,https://qoshe.com/fi,TRUE,FALSE,FALSE,FALSE,,,20,0,0,3,1,0,0
TRUE,FALSE,https://www.sondakika.com/haber/haber-yasa-disi-film-satan-adami-kim-jong-un-500-14161948/,TRUE,FALSE,FALSE,FALSE,,"Yasa dışı film satan adamı Kim Jong-un, 500 kişinin önünde kurşuna dizdirdi",90,75,3,5,2,0,0
FALSE,FALSE,https://www.haberturk.com/ekonomi/borsa,TRUE,FALSE,FALSE,FALSE,,Borsa,39,5,0,4,2,0,0
TRUE,FALSE,https://www.f5haber.com/go/60b098823ad8613ccd150d62?site=hurriyet&ref=headline-right,TRUE,FALSE,FALSE,FALSE,,Son dakika: Manchester United'da Mesut Özil vakası! Penaltı skandalı sonrası David De Gea...,84,92,0,4,2,2,0
FALSE,FALSE,https://theworldnews.net/,TRUE,FALSE,TRUE,FALSE,,,25,0,0,3,1,0,0
FALSE,FALSE,https://theworldnews.net/,TRUE,FALSE,TRUE,FALSE,,,25,0,0,3,1,0,0
FALSE,FALSE,https://www.borsagundem.com/piyasa-ekrani/doviz/parite,TRUE,FALSE,FALSE,FALSE,,,54,0,0,5,2,0,0
FALSE,FALSE,https://www.borsagundem.com/piyasa-ekrani/doviz/parite,TRUE,FALSE,FALSE,FALSE,,,54,0,0,5,2,0,0
FALSE,FALSE,https://www.borsagundem.com/piyasa-ekrani/doviz/parite,TRUE,FALSE,FALSE,FALSE,,,54,0,0,5,2,0,0
FALSE,TRUE,http://www.gazetevatan.com/sgk-ssk-li-bag-kur-lu-emekli-memur-milyonlari-ilgilendiriyor-1393249-calisma-hayati-galeri-haber/,TRUE,FALSE,FALSE,FALSE,,"SGK, SSK’lı, BAĞ-KUR’lu, emekli, memur, milyonları ilgilendiriyor! 1 ay süresi var, 15 bin lira…",124,96,3,4,2,0,0
FALSE,TRUE,http://www.gazetevatan.com/radar-kayitlari-dunyayi-soke-etti-savas-gemisinin-cevresini-saran-14-adet-ufo--66127-galeri-dunya-fotogaleri/?fc=ok&NewID=58AB268E-9D17-4CA3-BFBD-145EC38C43D4,TRUE,FALSE,FALSE,FALSE,,Radar kayıtları dünyayı şoke etti! Savaş gemisinin çevresini saran 14 adet UFO...,185,81,2,4,2,2,0
FALSE,TRUE,http://sampiy10.gazetevatan.com/dzeko-rosier-aboubakar-caulker-anthony-brooks-fenerbahce-transferde-dort-koldan-saldiriyor-66129-galeri-spor-sampiy10-galeri/?fc=ok&NewID=DA4A09FB-331D-49DC-85AA-4B84C4AD63CC,TRUE,FALSE,FALSE,FALSE,,Bu kadro Şampiyonlar Ligi'nde final oynar! Ali Koç'un listesinden tam 6 yıldız çıktı,206,84,1,4,2,2,0
TRUE,FALSE,https://www.turkish.shafaqna.com/TR/AL/5891978,TRUE,FALSE,FALSE,FALSE,,,46,0,0,5,3,0,0
FALSE,FALSE,https://www.turkish.shafaqna.com/TR/AL/sou/sondakika.haber7.com/Haber 7,TRUE,FALSE,FALSE,FALSE,,,71,0,0,7,5,0,0
TRUE,FALSE,https://www.turkish.shafaqna.com/TR/AL/5891977,TRUE,FALSE,FALSE,FALSE,,,46,0,0,5,3,0,0
FALSE,FALSE,https://www.posta.com.tr/yazarlar,TRUE,FALSE,FALSE,TRUE,,Yazarlar,33,8,0,3,3,0,0
TRUE,FALSE,https://www.haberler.com/turyid-baskani-demirer-restoranlarin-1-haziran-14161449-haberi/,TRUE,FALSE,FALSE,FALSE,,Kafe ve restoranlara 1 Haziran müjdesi! İşletmelerin 12'ye kadar açık kalabileceği düşünülüyor,88,94,3,4,2,0,0
FALSE,FALSE,https://qoshe.com/se,TRUE,FALSE,FALSE,FALSE,,,20,0,0,3,1,0,0
FALSE,FALSE,https://qoshe.com/ch,TRUE,FALSE,FALSE,FALSE,,,20,0,0,3,1,0,0
FALSE,FALSE,https://qoshe.com/tr,TRUE,FALSE,FALSE,FALSE,,,20,0,0,3,1,0,0
FALSE,FALSE,https://qoshe.com/gb,TRUE,FALSE,FALSE,FALSE,,,20,0,0,3,1,0,0
FALSE,FALSE,https://qoshe.com/us,TRUE,FALSE,FALSE,FALSE,,,20,0,0,3,1,0,0
FALSE,FALSE,https://qoshe.com/ve,TRUE,FALSE,FALSE,FALSE,,,20,0,0,3,1,0,0
FALSE,FALSE,https://qoshe.com/en,TRUE,FALSE,FALSE,FALSE,,,20,0,0,3,1,0,0
TRUE,FALSE,https://www.sondakika.com/haber/haber-sila-ilker-kaleli-icin-sinem-kobal-i-instagram-14161929/,TRUE,FALSE,FALSE,FALSE,,"Sıla, İlker Kaleli için Sinem Kobal’ı Instagram’dan sildi",94,57,0,5,2,0,0
FALSE,FALSE,https://www.haberturk.com/ekonomi/kripto-para,TRUE,FALSE,FALSE,FALSE,,Kripto Para,45,11,0,4,2,0,0
TRUE,FALSE,https://www.f5haber.com/go/60b09ad588c4ab4dbf3d3496?site=gaste24&ref=headline-right,TRUE,FALSE,FALSE,FALSE,,Fenerbahçe'de teknik direktör gelişmesi,83,39,0,4,2,2,0
FALSE,FALSE,https://theworldnews.net/de-news/,TRUE,FALSE,FALSE,FALSE,,,33,0,0,4,1,0,0
FALSE,FALSE,https://www.borsagundem.com/piyasa-ekrani/doviz/parite,TRUE,FALSE,FALSE,FALSE,,,54,0,0,5,2,0,0
FALSE,FALSE,https://www.borsagundem.com/piyasa-ekrani/doviz/parite,TRUE,FALSE,FALSE,FALSE,,,54,0,0,5,2,0,0
FALSE,FALSE,https://www.borsagundem.com/piyasa-ekrani/hisse-detay/UZERB,TRUE,FALSE,FALSE,FALSE,,,59,0,0,5,2,0,0
FALSE,TRUE,http://www.gazetevatan.com/kredi-atagi-iki-yil-geri-odemesiz-10-yil-vadeli--1393300-ekonomi/,TRUE,FALSE,FALSE,FALSE,,Flaş kredi atağı! İki yıl geri ödemesiz...,92,42,0,4,2,0,0
FALSE,TRUE,http://www.gazetevatan.com/kredi-atagi-iki-yil-geri-odemesiz-10-yil-vadeli--1393300-ekonomi/,TRUE,FALSE,FALSE,FALSE,,,92,0,0,4,2,0,0
FALSE,FALSE,https://www.turkish.shafaqna.com/TR/AL/sou/sondakika.haber7.com/Haber 7,TRUE,FALSE,FALSE,FALSE,,,71,0,0,7,5,0,0
TRUE,FALSE,https://www.turkish.shafaqna.com/TR/AL/5891976,TRUE,FALSE,FALSE,FALSE,,,46,0,0,5,3,0,0
FALSE,FALSE,https://www.turkish.shafaqna.com/TR/AL/sou/sondakika.haber7.com/Haber 7,TRUE,FALSE,FALSE,FALSE,,,71,0,0,7,5,0,0
FALSE,FALSE,https://www.posta.com.tr/posta-tv,TRUE,FALSE,FALSE,FALSE,,Posta TV,33,8,0,3,3,0,0
TRUE,FALSE,https://www.haberler.com/belediye-baskan-adayiydi-sosyal-medyadan-yaptigi-14160805-haberi/,TRUE,FALSE,FALSE,FALSE,,Belediye başkan adayıydı! Sosyal medyadan yaptığı canlı yayın sonu oldu,90,71,0,4,2,0,0
FALSE,FALSE,https://qoshe.com/gazete/aeon-en,TRUE,FALSE,FALSE,FALSE,,,32,0,0,4,1,0,0
FALSE,FALSE,https://qoshe.com/gazete/al-jazeera,TRUE,FALSE,FALSE,FALSE,,,35,0,0,4,1,0,0
TRUE,FALSE,https://www.sondakika.com/haber/haber-mucize-doktor-final-yapti-taner-olmez-diziye-14161905/,TRUE,FALSE,FALSE,FALSE,,"Mucize Doktor, final yaptı Taner Ölmez, diziye duygusal bir veda yaptı",92,70,0,5,2,0,0
FALSE,FALSE,https://www.haberturk.com/ekonomi/is-yasam,TRUE,FALSE,FALSE,FALSE,,İş-Yaşam,42,8,0,4,2,0,0
TRUE,FALSE,https://www.f5haber.com/go/60b0957071abf9392d2195e3?site=hurriyet&ref=headline-right,TRUE,FALSE,FALSE,FALSE,,"Anadolu Efes, Euroleague Final-Four'da ilk maçına çıkıyor! CSKA Moskova karşısında iddaa oranı...",84,97,0,4,2,2,0
FALSE,TRUE,https://theworldnews.net,TRUE,FALSE,FALSE,FALSE,,,24,0,0,2,1,0,0
FALSE,TRUE,https://partypoker.ua,TRUE,FALSE,FALSE,FALSE,,,21,0,0,2,1,0,0
FALSE,FALSE,https://www.borsagundem.com/piyasa-ekrani/hisse-detay/IZTAR,TRUE,FALSE,FALSE,FALSE,,,59,0,0,5,2,0,0
FALSE,FALSE,https://www.borsagundem.com/piyasa-ekrani/hisse-detay/YAYLA,TRUE,FALSE,FALSE,FALSE,,,59,0,0,5,2,0,0
FALSE,TRUE,http://www.gazetevatan.com/bakan-elvan-dan-buyume-aciklamasi-1393309-ekonomi/,TRUE,FALSE,FALSE,FALSE,,Son dakika enflasyon açıklaması!,77,32,0,4,2,0,0
FALSE,TRUE,http://www.gazetevatan.com/bakan-elvan-dan-buyume-aciklamasi-1393309-ekonomi/,TRUE,FALSE,FALSE,FALSE,,,77,0,0,4,2,0,0
TRUE,FALSE,https://www.turkish.shafaqna.com/TR/AL/5891975,TRUE,FALSE,FALSE,FALSE,,,46,0,0,5,3,0,0
FALSE,FALSE,https://www.turkish.shafaqna.com/TR/AL/sou/sondakika.haber7.com/Haber 7,TRUE,FALSE,FALSE,FALSE,,,71,0,0,7,5,0,0
FALSE,FALSE,https://www.posta.com.tr/,TRUE,FALSE,TRUE,FALSE,,,25,0,0,3,3,0,0
FALSE,TRUE,https://www.facebook.com/posta/,FALSE,FALSE,FALSE,FALSE,nofollow noopener noreferrer,,31,0,0,4,2,0,0
TRUE,FALSE,https://www.haberler.com/saglik-calisani-mektup-birakip-enjektorle-ilac-14160424-haberi/,TRUE,FALSE,FALSE,FALSE,,"Damardan ilaç alarak intihar eden sağlık çalışanı, ardında bir de mektup bıraktı: Yaşamayı beceremedim",88,102,0,4,2,0,0
FALSE,FALSE,https://qoshe.com/gazete/amrica-economa-en,TRUE,FALSE,FALSE,FALSE,,,42,0,0,4,1,0,0
TRUE,FALSE,https://www.sondakika.com/haber/haber-basarili-oyuncu-arzum-onan-imaj-degistirdi-14161903/,TRUE,FALSE,FALSE,FALSE,,"Başarılı oyuncu Arzum Onan, imaj değiştirdi Kısacık saçlarıyla Instagram’ı salladı",90,82,0,5,2,0,0
FALSE,FALSE,https://www.haberturk.com/ekonomi/otomobil,TRUE,FALSE,FALSE,FALSE,,Otomobil,42,8,0,4,2,0,0
TRUE,FALSE,https://www.f5haber.com/go/60b098843ad8613ccd150d68?site=gaste24&ref=headline-right,TRUE,FALSE,FALSE,FALSE,,İBB'de hayali konserlere milyonluk ücret,83,40,0,4,2,2,0
FALSE,TRUE,https://twnews.co.uk,TRUE,FALSE,FALSE,FALSE,,,20,0,0,2,2,0,0
FALSE,TRUE,https://readnews.us,TRUE,FALSE,FALSE,FALSE,,,19,0,0,2,1,0,0
FALSE,FALSE,https://www.borsagundem.com/piyasa-ekrani/hisse-detay/TUCLK,TRUE,FALSE,FALSE,FALSE,,,59,0,0,5,2,0,0
FALSE,FALSE,https://www.borsagundem.com/piyasa-ekrani/hisse-detay/ISBIR,TRUE,FALSE,FALSE,FALSE,,,59,0,0,5,2,0,0
FALSE,FALSE,https://www.borsagundem.com/piyasa-ekrani/hisse-detay/GOZDE,TRUE,FALSE,FALSE,FALSE,,,59,0,0,5,2,0,0
FALSE,TRUE,http://www.gazetevatan.com/faizler-dusuyor-milyonlar-bekliyordu-kabul-edildi-artik--1393251-ekonomi-galeri-haber/,TRUE,FALSE,FALSE,FALSE,,Faizler düşüyor! Milyonlar bekliyordu,113,37,0,4,2,0,0
FALSE,TRUE,http://www.gazetevatan.com/faizler-dusuyor-milyonlar-bekliyordu-kabul-edildi-artik--1393251-ekonomi-galeri-haber/,TRUE,FALSE,FALSE,FALSE,,,113,0,0,4,2,0,0
FALSE,TRUE,http://sampiy10.gazetevatan.com/fenerbahce-de-surpriz-ayrilik-ozan-tufan-ve-luiz-gustavo-ya-teklif-yagiyor-66122-galeri-spor-sampiy10-galeri/?fc=ok&NewID=9EF6F89F-3B7B-44FF-948E-66E1E972AB97,TRUE,FALSE,FALSE,FALSE,,İki yıldız için 30 milyon euro'luk çılgın gelir!,190,48,2,4,2,2,0
TRUE,FALSE,https://www.turkish.shafaqna.com/TR/AL/5891974,TRUE,FALSE,FALSE,FALSE,,,46,0,0,5,3,0,0
FALSE,FALSE,https://www.turkish.shafaqna.com/TR/AL/sou/sondakika.haber7.com/Haber 7,TRUE,FALSE,FALSE,FALSE,,,71,0,0,7,5,0,0
FALSE,TRUE,https://twitter.com/postacomtr,FALSE,FALSE,FALSE,FALSE,nofollow noopener noreferrer,,30,0,0,3,1,0,0
FALSE,TRUE,https://www.instagram.com/posta.com.tr/,FALSE,FALSE,FALSE,FALSE,nofollow noopener noreferrer,,39,0,0,4,4,0,0
FALSE,TRUE,https://www.youtube.com/channel/UCulneMKTggjG_dO3iHQEh3w,FALSE,FALSE,FALSE,FALSE,nofollow noopener noreferrer,,56,0,0,4,2,0,0
TRUE,FALSE,https://www.haberler.com/aksener-den-erdogan-in-kendisi-icin-kullandigi-14162112-haberi/,TRUE,FALSE,FALSE,FALSE,,"Akşener'den Erdoğan'ın kendisi için kullandığı ""Gelin hanım"" ifadesine yanıt: Benim de kayınbirader demem lazım",88,111,0,4,2,0,0
FALSE,FALSE,https://qoshe.com/gazete/deutsche-welle,TRUE,FALSE,FALSE,FALSE,,,39,0,0,4,1,0,0
FALSE,FALSE,https://qoshe.com/gazete/dnevnik,TRUE,FALSE,FALSE,FALSE,,,32,0,0,4,1,0,0
TRUE,FALSE,https://www.sondakika.com/haber/haber-normallesme-surecinde-1-haziran-sonrasi-icin-14161896/,TRUE,FALSE,FALSE,FALSE,,Normalleşme sürecinde 1 Haziran sonrası için taslak planı ortaya çıktı,92,70,1,5,2,0,0
FALSE,FALSE,https://www.haberturk.com/ekonomi/turizm,TRUE,FALSE,FALSE,FALSE,,Turizm,40,6,0,4,2,0,0
TRUE,FALSE,https://www.f5haber.com/go/60b09535cff2c9252a3bd248?site=posta&ref=headline-right,TRUE,FALSE,FALSE,FALSE,,"KPSS başvuruları başladı mı? KPSS ücreti ne kadar, hangi bankaya yatacak?",81,73,0,4,2,2,0
FALSE,TRUE,https://twnews.es,TRUE,FALSE,FALSE,FALSE,,,17,0,0,2,1,0,0
FALSE,TRUE,https://twnews.ch,TRUE,FALSE,FALSE,FALSE,,,17,0,0,2,1,0,0
FALSE,TRUE,https://twnews.be,TRUE,FALSE,FALSE,FALSE,,,17,0,0,2,1,0,0
FALSE,FALSE,https://www.borsagundem.com/piyasa-ekrani/hisse-detay/AYES,TRUE,FALSE,FALSE,FALSE,,,58,0,0,5,2,0,0
FALSE,FALSE,https://www.borsagundem.com/piyasa-ekrani/hisse-detay/CASA,TRUE,FALSE,FALSE,FALSE,,,58,0,0,5,2,0,0
FALSE,TRUE,http://sampiy10.gazetevatan.com/fenerbahce-de-surpriz-ayrilik-ozan-tufan-ve-luiz-gustavo-ya-teklif-yagiyor-66122-galeri-spor-sampiy10-galeri/?fc=ok&NewID=9EF6F89F-3B7B-44FF-948E-66E1E972AB97,TRUE,FALSE,FALSE,FALSE,,,190,0,0,4,2,2,0
FALSE,TRUE,http://www.gazetevatan.com/ikinci-el-arabada-firsat-44-bin-liraya-araba-teklif-yagiyor-1393270-ekonomi-galeri-haber/,TRUE,FALSE,FALSE,FALSE,,İkinci el arabada fırsat! 44 bin liraya araba! Teklif yağıyor,116,61,2,4,2,0,0
TRUE,FALSE,https://www.turkish.shafaqna.com/TR/AL/5891973,TRUE,FALSE,FALSE,FALSE,,,46,0,0,5,3,0,0
FALSE,TRUE,/TR/AL/sou/www.fotomac.com.tr/fotomac,TRUE,FALSE,FALSE,FALSE,,,37,0,0,5,3,0,0
TRUE,FALSE,https://www.turkish.shafaqna.com/TR/AL/5891972,TRUE,FALSE,FALSE,FALSE,,,46,0,0,5,3,0,0
FALSE,TRUE,https://open.spotify.com/show/6blFfcxeaAFgpCjhAcImBm,FALSE,FALSE,FALSE,FALSE,nofollow noopener noreferrer,,52,0,0,4,2,0,0
FALSE,FALSE,https://www.posta.com.tr/,TRUE,FALSE,TRUE,FALSE,,,25,0,0,3,3,0,0
FALSE,FALSE,https://www.posta.com.tr/,TRUE,FALSE,TRUE,FALSE,,,25,0,0,3,3,0,0
TRUE,FALSE,https://www.haberler.com/erkek-arkadasinin-evinde-4-uncu-kattan-dusen-derya-14161757-haberi/,TRUE,FALSE,FALSE,FALSE,,Sevgilisinin evinin 4'üncü katından düşen Derya olayın iç yüzünü anlattı: Kimse tarafından itilmedim,92,100,1,4,2,0,0
FALSE,FALSE,https://qoshe.com/gazete/duvar-english-en,TRUE,FALSE,FALSE,FALSE,,,41,0,0,4,1,0,0
FALSE,FALSE,https://qoshe.com/gazete/e-international,TRUE,FALSE,FALSE,FALSE,,,40,0,0,4,1,0,0
TRUE,FALSE,https://www.sondakika.com/haber/haber-erkek-arkadasinin-evinde-4-uncu-kattan-dusen-derya-14161757/,TRUE,FALSE,FALSE,FALSE,,Sevgilisinin evinin 4’üncü katından düşen Derya olayın iç yüzünü anlattı: Kimse tarafından itilmedim,98,100,1,5,2,0,0
FALSE,FALSE,https://www.haberturk.com/ekonomi/enerji,TRUE,FALSE,FALSE,FALSE,,Enerji,40,6,0,4,2,0,0
TRUE,FALSE,https://www.f5haber.com/ekonomi/bakan-elvan-salginin-basindan-bugune-kadar-merkezi-yonetim-butcesinden-79-milyar-liralik-harcama-yaptik-5939420,TRUE,FALSE,FALSE,FALSE,,Bakan Elvan: Salgının başından bugüne kadar merkezi yönetim bütçesinden 79 milyar liralık harcama yaptık,143,104,2,4,2,0,0
FALSE,TRUE,https://twnews.it,TRUE,FALSE,FALSE,FALSE,,,17,0,0,2,1,0,0
FALSE,TRUE,https://twnews.cz,TRUE,FALSE,FALSE,FALSE,,,17,0,0,2,1,0,0
FALSE,TRUE,https://twnews.pl,TRUE,TRUE,FALSE,FALSE,,,17,0,0,2,1,0,0
FALSE,FALSE,https://www.borsagundem.com/piyasa-ekrani/hisse-detay/KUTPO,TRUE,FALSE,FALSE,FALSE,,,59,0,0,5,2,0,0
FALSE,FALSE,https://www.borsagundem.com/piyasa-ekrani/hisse-detay/GEDZA,TRUE,FALSE,FALSE,FALSE,,,59,0,0,5,2,0,0
FALSE,TRUE,http://www.gazetevatan.com/merkez-bankasi-ndan-flas-dolar-euro-aciklamasi--1393310-ekonomi/,TRUE,FALSE,FALSE,FALSE,,Merkez Bankası'ndan flaş dolar euro açıklaması!,91,47,0,4,2,0,0
FALSE,TRUE,http://www.gazetevatan.com/maske-ile-ilgili-flas-karar-tarih-oluyor-gerekmeyecek-1393250-gundem-galeri-haber/,TRUE,FALSE,FALSE,FALSE,,Maske ile ilgili flaş karar! Tarih oluyor! Gerekmeyecek,109,55,0,4,2,0,0
FALSE,TRUE,http://www.gazetevatan.com/petrol-mujdesi-bakan-donmez-tarih-verdi-1393308-ekonomi/,TRUE,FALSE,FALSE,FALSE,,Petrol müjdesi! Bakan Dönmez tarih verdi,83,40,0,4,2,0,0
FALSE,TRUE,/TR/AL/sou/www.fotomac.com.tr/fotomac,TRUE,FALSE,FALSE,FALSE,,,37,0,0,5,3,0,0
TRUE,FALSE,https://www.turkish.shafaqna.com/TR/AL/5891971,TRUE,FALSE,FALSE,FALSE,,,46,0,0,5,3,0,0
TRUE,FALSE,https://www.posta.com.tr/erkekler-iliskilerini-neden-gizler-haber-fotograf-2329623,TRUE,FALSE,FALSE,FALSE,,,82,0,0,3,3,0,0
TRUE,FALSE,https://www.posta.com.tr/rihanna-ve-megan-fox-formunu-ona-borclu-unlulerin-zayiflatan-icecegi-haber-fotograf-2332427,TRUE,FALSE,FALSE,FALSE,,,116,0,0,3,3,0,0
TRUE,FALSE,https://www.haberler.com/photshop-un-son-kurbani-aynadaki-yuzu-ele-verdi-14161673-haberi/,TRUE,FALSE,FALSE,FALSE,,Daha önceki photoshop kazalarını unutun! Dansöz Asena resmen yüzünü değiştirdi,89,78,0,4,2,0,0
FALSE,FALSE,https://qoshe.com/gazete/haaretz,TRUE,FALSE,FALSE,FALSE,,,32,0,0,4,1,0,0
FALSE,FALSE,https://qoshe.com/gazete/il-manifesto-global-en,TRUE,FALSE,FALSE,FALSE,,,47,0,0,4,1,0,0
TRUE,FALSE,https://www.sondakika.com/haber/haber-altin-522-5-lira-ile-son-7-ayin-en-yuksek-14162301/,TRUE,FALSE,FALSE,FALSE,,"Altın 522,5 lira ile son 7 ayın en yüksek seviyesinde",89,53,5,5,2,0,0
FALSE,FALSE,https://www.haberturk.com/ekonomi/savunma-sanayi,TRUE,FALSE,FALSE,FALSE,,Savunma Sanayi,48,14,0,4,2,0,0
TRUE,FALSE,https://www.f5haber.com/siyaset/ak-partili-turan-genel-kanaatimiz-secim-barajinin-indirilmesi-yonunde-5939415,TRUE,FALSE,FALSE,FALSE,,AK Partili Turan: Genel kanaatimiz seçim barajının indirilmesi yönünde,109,70,0,4,2,0,0
FALSE,TRUE,https://twnews.se,TRUE,FALSE,FALSE,FALSE,,,17,0,0,2,1,0,0
FALSE,TRUE,https://twnews.nl,TRUE,FALSE,FALSE,FALSE,,,17,0,0,2,1,0,0
FALSE,TRUE,https://twnews.co,TRUE,FALSE,FALSE,FALSE,,,17,0,0,2,1,0,0
FALSE,FALSE,https://www.borsagundem.com/piyasa-ekrani/hisse-detay/ISGSY,TRUE,FALSE,FALSE,FALSE,,,59,0,0,5,2,0,0
FALSE,FALSE,https://www.borsagundem.com/piyasa-ekrani/hisse-detay/MERIT,TRUE,FALSE,FALSE,FALSE,,,59,0,0,5,2,0,0
FALSE,TRUE,http://www.gazetevatan.com/imza-atan-parayi-alamaz-calisanlar-icin-flas-aciklama-yuzde-50--1393274-ekonomi/,TRUE,FALSE,FALSE,FALSE,,İmza atan parayı alamaz! Çalışanlar için flaş açıklama! Yüzde 50 fazla ücret...,107,79,2,4,2,0,0
FALSE,TRUE,/TR/AL/sou/www.fotomac.com.tr/fotomac,TRUE,FALSE,FALSE,FALSE,,,37,0,0,5,3,0,0
TRUE,FALSE,https://www.turkish.shafaqna.com/TR/AL/5891970,TRUE,FALSE,FALSE,FALSE,,,46,0,0,5,3,0,0
FALSE,TRUE,/TR/AL/sou/www.aa.com.tr/Anadolu Ajansı,TRUE,FALSE,FALSE,FALSE,,,39,0,0,5,3,0,0
TRUE,FALSE,https://www.posta.com.tr/dogru-partner-secimi-nasil-olmali-2333572,TRUE,FALSE,FALSE,FALSE,,,66,0,0,3,3,0,0
TRUE,FALSE,https://www.posta.com.tr/yuzunuzdeki-sivilceler-sagliginizi-ele-veriyor-haber-fotograf-2334237,TRUE,FALSE,FALSE,FALSE,,,94,0,0,3,3,0,0
TRUE,FALSE,https://www.posta.com.tr/iliskiye-girmeden-duramiyor-130-erkekle-haber-fotograf-2334227,TRUE,FALSE,FALSE,FALSE,,,87,0,0,3,3,0,0
TRUE,FALSE,https://www.haberler.com/kayseri-deki-silahli-saldirida-baba-ve-oglu-14161998-haberi/,TRUE,FALSE,FALSE,FALSE,,Akraba kavgası kanlı bitti! Kurşunların hedefi olan baba ile oğul hayata tutunamadı,85,83,0,4,2,0,0
FALSE,FALSE,https://qoshe.com/gazete/japan-today,TRUE,FALSE,FALSE,FALSE,,,36,0,0,4,1,0,0
FALSE,FALSE,https://qoshe.com/gazete/khaama-press-en,TRUE,FALSE,FALSE,FALSE,,,40,0,0,4,1,0,0
TRUE,FALSE,https://www.sondakika.com/haber/haber-oyuncu-ece-hakim-harvard-universitesi-nden-mezun-14162299/,TRUE,FALSE,FALSE,FALSE,,"Oyuncu Ece Hakim, Harvard Üniversitesi’nden mezun oldu",96,54,0,5,2,0,0
FALSE,FALSE,https://www.haberturk.com/ekonomi/emlak,TRUE,FALSE,FALSE,FALSE,,Emlak,39,5,0,4,2,0,0
TRUE,FALSE,https://www.f5haber.com/medya/hurriyet-yazari-abdulkadir-selvi-2023-seciminde-hdpnin-egiliminin-etkili-olacagina-inaniyorum-5939407,TRUE,FALSE,FALSE,FALSE,,Hürriyet yazarı Abdulkadir Selvi: 2023 seçiminde HDP’nin eğiliminin etkili olacağına inanıyorum,131,95,4,4,2,0,0
FALSE,TRUE,https://twnews.at,TRUE,FALSE,FALSE,FALSE,,,17,0,0,2,1,0,0
FALSE,TRUE,https://showsport.me,TRUE,TRUE,FALSE,FALSE,,,20,0,0,2,1,0,0
FALSE,TRUE,http://www.borsagundem.com/piyasa-ekrani/kripto-para/BTC,TRUE,FALSE,FALSE,FALSE,,,56,0,0,5,2,0,0
FALSE,TRUE,http://www.borsagundem.com/piyasa-ekrani/kripto-para/ETH,TRUE,FALSE,FALSE,FALSE,,,56,0,0,5,2,0,0
TRUE,FALSE,http://www.gazetevatan.com/araba-sahibi-olan-herkesi-kapsiyor-sigorta-kapsami-disinda-tutul-1393284-gundem/,TRUE,FALSE,FALSE,FALSE,,Araba sahibi olan herkesi kapsıyor! Sigorta kapsamı dışında tutulacak,107,69,0,4,2,0,0
TRUE,FALSE,http://www.gazetevatan.com/erkek-arkadasinin-evinin-terasindan-dusmustu-gizem-cozuldu-1393302-yasam/,TRUE,FALSE,FALSE,FALSE,,Erkek arkadaşının evinin terasından düşmüştü! Gizem çözüldü,100,59,0,4,2,0,0
TRUE,FALSE,https://www.turkish.shafaqna.com/TR/AL/5891968,TRUE,FALSE,FALSE,FALSE,,,46,0,0,5,3,0,0
TRUE,FALSE,https://www.posta.com.tr/cikolata-kisti-kansere-yol-acar-mi-2333936,TRUE,FALSE,FALSE,FALSE,,,67,0,0,3,3,0,0
TRUE,FALSE,https://www.posta.com.tr/ergenlikte-ciddi-motivasyon-kaybi-gorulebiliyor-2333946,TRUE,FALSE,FALSE,FALSE,,,80,0,0,3,3,0,0
TRUE,FALSE,https://www.haberler.com/minili-pozu-begeni-butonunu-cokermisti-pinar-14161431-haberi/,TRUE,FALSE,FALSE,FALSE,,"Minili pozu beğeni butonunu çökerten Pınar Altuğ, bu sefer de spor yaptığı anları paylaştı",86,90,0,4,2,0,0
FALSE,FALSE,https://qoshe.com/gazete/middle-east-monitor-en,TRUE,FALSE,FALSE,FALSE,,,47,0,0,4,1,0,0
FALSE,FALSE,https://qoshe.com/gazete/new-eastern-outlook-en,TRUE,FALSE,FALSE,FALSE,,,47,0,0,4,1,0,0
FALSE,FALSE,https://qoshe.com/gazete/nikkei-asian-review,TRUE,FALSE,FALSE,FALSE,,,44,0,0,4,1,0,0
TRUE,FALSE,https://www.sondakika.com/haber/haber-sedat-peker-iddialarinin-ardindan-gundeme-gelen-14162275/,TRUE,FALSE,FALSE,FALSE,,Sedat Peker iddialarının ardından gündeme gelen Emniyet Genel Müdür Yardımcısı Çalışkan: Beni nasıl açığa alacaklar bir görelim bakalım,95,135,0,5,2,0,0
FALSE,FALSE,https://www.haberturk.com/projeler/cekmekoy,TRUE,FALSE,FALSE,FALSE,,Projeler,43,8,0,4,2,0,0
TRUE,FALSE,https://www.f5haber.com/meteoroloji-uyardi-hafta-boyunca-yagis-var-fotogaleri-5939368,TRUE,FALSE,FALSE,FALSE,,Meteoroloji uyardı: Hafta boyunca yağış var,85,43,0,3,2,0,0
FALSE,TRUE,https://readsport.de,TRUE,FALSE,FALSE,FALSE,,,20,0,0,2,1,0,0
FALSE,TRUE,https://readsport.it,TRUE,FALSE,FALSE,FALSE,,,20,0,0,2,1,0,0
FALSE,TRUE,https://readsport.es,TRUE,FALSE,FALSE,FALSE,,,20,0,0,2,1,0,0
FALSE,TRUE,http://www.borsagundem.com/piyasa-ekrani/kripto-para/EXEN,TRUE,FALSE,FALSE,FALSE,,,57,0,0,5,2,0,0
FALSE,TRUE,http://www.borsagundem.com/piyasa-ekrani/kripto-para/XRP,TRUE,FALSE,FALSE,FALSE,,,56,0,0,5,2,0,0
FALSE,TRUE,http://www.borsagundem.com/piyasa-ekrani/kripto-para/LTC,TRUE,FALSE,FALSE,FALSE,,,56,0,0,5,2,0,0
TRUE,FALSE,http://www.gazetevatan.com/secim-baraji-yuzde-7-e-iniyor-ak-parti-dugmeye-basti-1393265-gundem/,TRUE,FALSE,FALSE,FALSE,,Seçim barajı yüzde 5'e iniyor! AK Parti düğmeye bastı,95,53,1,4,2,0,0
TRUE,FALSE,http://www.gazetevatan.com/kredi-ve-kredi-karti-borcu-olan-milyonlari-ilgilendiriyor-faiz-y-1393049-ekonomi-galeri-haber/,TRUE,FALSE,FALSE,FALSE,,Kredi ve kredi kartı borcu olan milyonları ilgilendiriyor! Faiz yükü artık...,121,77,0,4,2,0,0
FALSE,TRUE,/TR/AL/sou/www.cnnturk.com/CNN Turk,TRUE,FALSE,FALSE,FALSE,,,35,0,0,5,2,0,0
TRUE,FALSE,https://www.turkish.shafaqna.com/TR/AL/5891967,TRUE,FALSE,FALSE,FALSE,,,46,0,0,5,3,0,0
FALSE,TRUE,/TR/AL/sou/www.cnnturk.com/CNN Turk,TRUE,FALSE,FALSE,FALSE,,,35,0,0,5,2,0,0
TRUE,FALSE,https://www.posta.com.tr/suyu-dokme-oyun-2333870,TRUE,FALSE,FALSE,FALSE,,,48,0,0,3,3,0,0
TRUE,FALSE,https://www.posta.com.tr/cicekli-kitap-ayraci-nasil-yapilir-oyun-etkinlik-2333868,TRUE,FALSE,FALSE,FALSE,,,81,0,0,3,3,0,0
TRUE,FALSE,https://www.haberler.com/imajini-degistiren-basarili-oyuncu-arzum-onan-14161843-haberi/,TRUE,FALSE,FALSE,FALSE,,"İmajını değiştiren başarılı oyuncu Arzum Onan, saçlarını kısacık kestirdi",87,73,0,4,2,0,0
FALSE,FALSE,https://qoshe.com/gazete/oped-column-en,TRUE,FALSE,FALSE,FALSE,,,39,0,0,4,1,0,0
FALSE,FALSE,https://qoshe.com/gazete/pravdask,TRUE,FALSE,FALSE,FALSE,,,33,0,0,4,1,0,0
TRUE,FALSE,https://www.sondakika.com/haber/haber-iki-kadinin-katil-zanlisinin-babasinin-da-kadin-14162252/,TRUE,FALSE,FALSE,FALSE,,İki kadının katil zanlısının babasının da kadın katili olduğu ortaya çıktı,95,74,0,5,2,0,0
FALSE,FALSE,https://www.haberturk.com/ekonomi/girisimcilik,TRUE,FALSE,FALSE,FALSE,,Girişimcilik,46,12,0,4,2,0,0
TRUE,FALSE,https://www.f5haber.com/saglik/bakan-varank-duyurdu-yerli-asi-icin-gonullu-araniyor-5939342,TRUE,FALSE,FALSE,FALSE,,Bakan Varank duyurdu: Yerli aşı için gönüllü aranıyor,91,53,0,4,2,0,0
FALSE,TRUE,https://readsport.fr,TRUE,FALSE,FALSE,FALSE,,,20,0,0,2,1,0,0
FALSE,TRUE,mailto:info@theworldnews.net,TRUE,FALSE,FALSE,FALSE,,,28,0,0,0,1,0,0
FALSE,TRUE,http://www.borsagundem.com/piyasa-ekrani/kripto-para/BCH,TRUE,FALSE,FALSE,FALSE,,,56,0,0,5,2,0,0
FALSE,FALSE,https://www.borsagundem.com/gunun-haberleri,TRUE,FALSE,FALSE,FALSE,,,43,0,0,3,2,0,0
FALSE,TRUE,http://www.gazetevatan.com/edho-nun-zeynep-i-ece-hakim-hayalini-gerceklestirdi-sosyal-medyadan-duyurdu--66131-galeri-magazin-fotogaleri/?fc=ok&NewID=76F18541-5CAF-4E7B-8CAB-85DA1B402F79,TRUE,FALSE,FALSE,FALSE,,Güzel oyuncu hayalini gerçekleştirdi! Sosyal medyadan duyurdu...,185,64,0,4,2,2,0
FALSE,TRUE,http://www.gazetevatan.com/tum-dunya-onlarin-askini-konusmustu-sarah-ve-musa-nin-son-hali--66108-galeri-yasam-fotogaleri/,TRUE,FALSE,FALSE,FALSE,,Tüm dünya onları konuşmuştu! Sarah ve Musa'nın son hali şok etti...,121,67,0,4,2,0,0
FALSE,TRUE,http://www.gazetevatan.com/kuzey-kore-lideri-kim-jong-un-ailesinin-gozu-onunde-ifam-ettirdi--66133-galeri-dunya-fotogaleri/?fc=ok&NewID=31567E9B-6522-44DE-A2AA-1D59DE37B60C,TRUE,FALSE,FALSE,FALSE,,Kuzey Kore lideri Kim Jong-Un ailesinin gözü önünde ifam ettirdi!,172,65,0,4,2,2,0
TRUE,FALSE,https://www.turkish.shafaqna.com/TR/AL/5891966,TRUE,FALSE,FALSE,FALSE,,,46,0,0,5,3,0,0
FALSE,TRUE,/TR/AL/sou/www.cnnturk.com/CNN Turk,TRUE,FALSE,FALSE,FALSE,,,35,0,0,5,2,0,0
TRUE,FALSE,https://www.posta.com.tr/bebek-arabasiyla-gezdirdigi-felcli-kopek-kok-hucre-nakli-ile-yurudu-haber-fotograf-2333956,TRUE,FALSE,FALSE,FALSE,,,115,0,0,3,3,0,0
TRUE,FALSE,https://www.posta.com.tr/bahar-mevsiminde-bitki-bakiminin-puf-noktalari-2333634,TRUE,FALSE,FALSE,FALSE,,,79,0,0,3,3,0,0
TRUE,FALSE,https://www.posta.com.tr/gul-suyu-nasil-yapilir-evde-dogal-gul-suyu-yapimi-2283377,TRUE,FALSE,FALSE,FALSE,,,82,0,0,3,3,0,0
TRUE,FALSE,https://www.haberler.com/mucize-doktor-64-bolumuyle-ekrana-veda-etti-14161834-haberi/,TRUE,FALSE,FALSE,FALSE,,Mucize Doktor 64. bölümüyle final yaptı! Başrol oyuncusu Taner Ölmez'in vedası duygulandırdı,85,92,2,4,2,0,0
FALSE,FALSE,https://qoshe.com/gazete/project-syndicate,TRUE,FALSE,FALSE,FALSE,,,42,0,0,4,1,0,0
FALSE,FALSE,https://qoshe.com/gazete/psychology-today-en,TRUE,FALSE,FALSE,FALSE,,,44,0,0,4,1,0,0
TRUE,FALSE,https://www.sondakika.com/haber/haber-son-dakika-daha-once-bu-rakamlar-gorulmedi-14162244/,TRUE,FALSE,FALSE,FALSE,,"Son dakika: Daha önce bu rakamlar görülmedi Dolar 8,5995, euro 8,47",90,67,8,5,2,0,0
FALSE,FALSE,https://www.haberturk.com/ekonomi/sigorta,TRUE,FALSE,FALSE,FALSE,,Sigorta,41,7,0,4,2,0,0
TRUE,FALSE,https://www.f5haber.com/yeni-ford-focus-fiyatlari-inanilir-gibi-degil-guncel-liste-cok-baska-fotogaleri-5939072,TRUE,FALSE,FALSE,FALSE,,Yeni Ford Focus fiyatları inanılır gibi değil; Güncel liste çok başka,111,69,0,3,2,0,0
FALSE,FALSE,https://theworldnews.net/,TRUE,FALSE,TRUE,FALSE,,,25,0,0,3,1,0,0
FALSE,FALSE,https://theworldnews.net/page/vacancy,TRUE,FALSE,FALSE,FALSE,,,37,0,0,4,1,0,0
FALSE,FALSE,https://theworldnews.net/page/contacts,TRUE,FALSE,FALSE,FALSE,,,38,0,0,4,1,0,0
FALSE,FALSE,https://www.borsagundem.com/gunun-haberleri,TRUE,FALSE,FALSE,FALSE,,,43,0,0,3,2,0,0
TRUE,FALSE,https://www.borsagundem.com/haber/unlu-yatirim-uzmanindan-ethereum-icin-yukselis-tahmini/1574449,TRUE,FALSE,FALSE,FALSE,,Ünlü yatırım uzmanından Ethereum için yükseliş tahmini,96,54,0,5,2,0,0
FALSE,TRUE,http://www.gazetevatan.com/bayraktar-tb2-avrupa-nin-gobeginde-vurdu-goruntuler-cikti-66116-galeri-dunya-fotogaleri/?fc=ok&NewID=F5F9DDAB-6257-4403-9994-F52336628D09,TRUE,FALSE,FALSE,FALSE,,Bayraktar TB2 Avrupa'nın göbeğinde vurdu! Görüntüler çıktı,164,58,1,4,2,2,0
FALSE,TRUE,http://www.gazetevatan.com/-camdaki-kiz-da-buyuk-sir-ortaya-cikti--66126-galeri-magazin-fotogaleri/,TRUE,FALSE,FALSE,FALSE,,'Camdaki Kız'da büyük sır ortaya çıktı!,99,39,0,4,2,0,0
FALSE,FALSE,https://www.turkish.shafaqna.com/TR/AL/5891965,TRUE,FALSE,FALSE,FALSE,,,46,0,0,5,3,0,0
FALSE,TRUE,/TR/AL/sou/www.cnnturk.com/CNN Turk,TRUE,FALSE,FALSE,FALSE,,,35,0,0,5,2,0,0
TRUE,FALSE,https://www.posta.com.tr/yazarlar/ozgur-gokmen-celenk/varis-coraplari-varisin-hangi-evresinde-kullanilmali-2334242,TRUE,FALSE,FALSE,FALSE,,,114,0,0,5,3,0,0
TRUE,FALSE,https://www.posta.com.tr/yazarlar/dr-haydar-dumen/filmler-renk-katabilir-ama-2334193,TRUE,FALSE,FALSE,FALSE,,,84,0,0,5,3,0,0
TRUE,FALSE,https://www.haberler.com/gogsumuzu-kabartti-oyuncu-ece-hakim-harvard-14162224-haberi/,TRUE,FALSE,FALSE,FALSE,,"Göğsümüzü kabarttı! Oyuncu Ece Hakim, Harvard Üniversitesi'nden mezun oldu",85,74,0,4,2,0,0
FALSE,FALSE,https://qoshe.com/gazete/qolumnist-en,TRUE,FALSE,FALSE,FALSE,,,37,0,0,4,1,0,0
FALSE,FALSE,https://qoshe.com/gazete/rt-com-world,TRUE,FALSE,FALSE,FALSE,,,37,0,0,4,1,0,0
FALSE,FALSE,https://qoshe.com/gazete/smesk,TRUE,FALSE,FALSE,FALSE,,,30,0,0,4,1,0,0
TRUE,FALSE,https://www.sondakika.com/haber/haber-diyarbakir-da-iki-kuyuda-petrol-bulunmasi-sevinc-14161408/,TRUE,FALSE,FALSE,FALSE,,Arpa ektikleri yerden petrol fışkırdı İşte Cumhurbaşkanı Erdoğan’ın bahsettiği o kuyu,96,85,0,5,2,0,0
FALSE,FALSE,https://www.haberturk.com/ekonomi/sosyal-guvenlik,TRUE,FALSE,FALSE,FALSE,,Sosyal Güvenlik,49,15,0,4,2,0,0
TRUE,FALSE,https://www.f5haber.com/son-yaz-dizisinde-ali-atay-depremi-yasaniyor-senaristlerin-hamlesi-merak-ediliyor-fotogaleri-5939076,TRUE,FALSE,FALSE,FALSE,,Son Yaz dizisinde Ali Atay depremi yaşanıyor; Senaristlerin hamlesi merak ediliyor,124,82,0,3,2,0,0
FALSE,FALSE,https://theworldnews.net/page/adv,TRUE,FALSE,FALSE,FALSE,,,33,0,0,4,1,0,0
FALSE,FALSE,https://theworldnews.net/page/press,TRUE,FALSE,FALSE,FALSE,,,35,0,0,4,1,0,0
FALSE,FALSE,https://theworldnews.net/,TRUE,FALSE,TRUE,FALSE,,,25,0,0,3,1,0,0
TRUE,FALSE,https://www.borsagundem.com/redirect/1574446,TRUE,FALSE,FALSE,FALSE,,TCMB: Sıkı parasal duruş önemli bir tampon,44,42,0,4,2,0,0
FALSE,TRUE,http://www.gazetevatan.com/altin-fiyatlarinda-flas-tahmin-575-lira-tarih-verdi-1393161-ekonomi-galeri-haber/,TRUE,FALSE,FALSE,FALSE,,Altın fiyatlarında flaş tahmin!,108,31,0,4,2,0,0
FALSE,TRUE,http://www.gazetevatan.com/arka-sokaklar-in-zelis-i-yusra-geyik-yine-cok-iddiali-son-paylasimi--63724-galeri-magazin-fotogaleri/,TRUE,FALSE,FALSE,FALSE,,Arka Sokaklar'ın Zeliş'i Yüsra Geyik yine çok iddialı! Son paylaşımı...,128,71,0,4,2,0,0
TRUE,FALSE,https://www.turkish.shafaqna.com/TR/AL/5891964,TRUE,FALSE,FALSE,FALSE,,,46,0,0,5,3,0,0
FALSE,TRUE,/TR/AL/sou/www.cnnturk.com/CNN Turk,TRUE,FALSE,FALSE,FALSE,,,35,0,0,5,2,0,0
TRUE,FALSE,https://www.turkish.shafaqna.com/TR/AL/5891963,TRUE,FALSE,FALSE,FALSE,,,46,0,0,5,3,0,0
TRUE,FALSE,https://www.posta.com.tr/yazarlar/filiz-ozkol/28-mayis-2021-gunun-burc-yorumlari-2334192,TRUE,FALSE,FALSE,FALSE,,,88,0,0,5,3,0,0
TRUE,FALSE,https://www.posta.com.tr/yazarlar/dr-ali-gursoy/asi-yaptirsaniz-da-duzenli-kontrol-sart-2334189,TRUE,FALSE,FALSE,FALSE,,,95,0,0,5,3,0,0
FALSE,FALSE,https://www.posta.com.tr/son-dakika-haberleri,TRUE,FALSE,FALSE,FALSE,,,45,0,0,3,3,0,0
TRUE,FALSE,https://www.haberler.com/servetine-servet-ekleyen-aleyna-tilki-600-bin-tl-14162146-haberi/,TRUE,FALSE,FALSE,FALSE,,"Servetine servet katan Aleyna Tilki, binlerce liralık reklam anlaşmasına imza attı",90,82,0,4,2,0,0
FALSE,FALSE,https://qoshe.com/gazete/south-china-morning-post-en,TRUE,FALSE,FALSE,FALSE,,,52,0,0,4,1,0,0
FALSE,FALSE,https://qoshe.com/gazete/the-asahi-shimbun,TRUE,FALSE,FALSE,FALSE,,,42,0,0,4,1,0,0
FALSE,FALSE,https://qoshe.com/gazete/the-diplomat-en,TRUE,FALSE,FALSE,FALSE,,,40,0,0,4,1,0,0
TRUE,FALSE,https://www.sondakika.com/haber/haber-aleyna-tilki-servetine-servet-katti-yeni-reklam-14162176/,TRUE,FALSE,FALSE,FALSE,,"Aleyna Tilki, servetine servet kattı Yeni reklam anlaşması 600 bin TL’lik",95,73,3,5,2,0,0
FALSE,FALSE,https://www.haberturk.com/ekonomi/sosyal-guvenlik/genel-saglik-sigortasi,TRUE,FALSE,FALSE,FALSE,,Genel Sağlık Sigortası,72,22,0,5,2,0,0
TRUE,FALSE,https://www.f5haber.com/turkiyenin-asi-takvimi-guncellendi-1-haziranda-basliyor-fotogaleri-5939278,TRUE,FALSE,FALSE,FALSE,,Türkiye'nin aşı takvimi güncellendi: 1 Haziran'da başlıyor,98,58,1,3,2,0,0
TRUE,FALSE,https://www.borsagundem.com/haber/elvan-hedefimiz-dolarizasyonu-tersine-cevirmek/1574440,TRUE,FALSE,FALSE,FALSE,,Elvan: Hedefimiz dolarizasyonu tersine çevirmek,88,47,0,5,2,0,0
FALSE,TRUE,Javascript:headlineSlider.Back(),TRUE,FALSE,FALSE,FALSE,,,32,0,0,0,1,0,0
FALSE,TRUE,Javascript:headlineSlider.Next(),TRUE,FALSE,FALSE,FALSE,,,32,0,0,0,1,0,0
FALSE,TRUE,/TR/AL/sou/www.cnnturk.com/CNN Turk,TRUE,FALSE,FALSE,FALSE,,,35,0,0,5,2,0,0
TRUE,FALSE,https://www.turkish.shafaqna.com/TR/AL/5891962,TRUE,FALSE,FALSE,FALSE,,,46,0,0,5,3,0,0
FALSE,TRUE,/TR/AL/sou/www.cnnturk.com/CNN Turk,TRUE,FALSE,FALSE,FALSE,,,35,0,0,5,2,0,0
TRUE,FALSE,https://www.posta.com.tr/iste-necip-uysalin-gelecek-plani-futbolu-biraktiktan-sonra-2334262,TRUE,FALSE,FALSE,FALSE,,,91,0,0,3,3,0,0
TRUE,FALSE,https://www.posta.com.tr/merkez-bankasi-baskanindan-kararlilik-mesaji-2334260,TRUE,FALSE,FALSE,FALSE,,,77,0,0,3,3,0,0
TRUE,FALSE,https://www.posta.com.tr/uzman-isimden-kritik-koronavirus-aciklamasi-vakalarin-yuzde-10unda-goruluyor-2334248,TRUE,FALSE,FALSE,FALSE,,,109,0,0,3,3,0,0
TRUE,FALSE,https://www.haberler.com/fotogaleri/kylie-bildigimiz-gibi-bir-avuc-bikinisiyle/,TRUE,FALSE,FALSE,FALSE,,Kylie bildiğimiz gibi! Bir avuç bikinisiyle Instagram'ı kasıp kavurdu,79,69,0,5,2,0,0
FALSE,FALSE,https://qoshe.com/gazete/the-japan-news,TRUE,FALSE,FALSE,FALSE,,,39,0,0,4,1,0,0
FALSE,FALSE,https://qoshe.com/gazete/the-japan-times,TRUE,FALSE,FALSE,FALSE,,,40,0,0,4,1,0,0
TRUE,FALSE,https://www.sondakika.com/haber/haber-ihracat-nisan-ayinda-yuzde-109-2-artti-14162160/,TRUE,FALSE,FALSE,FALSE,,"İhracat nisan ayında yüzde 109,2 arttı",86,38,4,5,2,0,0
FALSE,FALSE,https://www.haberturk.com/ekonomi/sosyal-guvenlik/emekli,TRUE,FALSE,FALSE,FALSE,,Emekli,56,6,0,5,2,0,0
TRUE,FALSE,https://www.f5haber.com/bilim-kurulu-uyesi-acikladi-maskelere-ne-zaman-veda-edecegiz-fotogaleri-5939232,TRUE,FALSE,FALSE,FALSE,,Bilim Kurulu üyesi açıkladı: Maskelere ne zaman veda edeceğiz?,103,62,0,3,2,0,0
TRUE,FALSE,https://www.borsagundem.com/redirect/1574439,TRUE,FALSE,FALSE,FALSE,,Merkez Bankası'ndan kararlılık vurgusu,44,38,0,4,2,0,0
FALSE,TRUE,http://www.gazetevatan.com/ikinci-el-arabada-firsat-44-bin-liraya-araba-teklif-yagiyor-1393270-ekonomi-galeri-haber/,TRUE,FALSE,FALSE,FALSE,,,116,0,0,4,2,0,0
FALSE,TRUE,http://www.gazetevatan.com/merkez-bankasi-ndan-flas-dolar-euro-aciklamasi--1393310-ekonomi/,TRUE,FALSE,FALSE,FALSE,,,91,0,0,4,2,0,0
TRUE,FALSE,https://www.turkish.shafaqna.com/TR/AL/5891961,TRUE,FALSE,FALSE,FALSE,,,46,0,0,5,3,0,0
TRUE,FALSE,https://www.posta.com.tr/gaziantepte-akilalmaz-olay-tarihi-evlerin-kapilarina-duvar-orduler-2334246,TRUE,FALSE,FALSE,FALSE,,,99,0,0,3,3,0,0
TRUE,FALSE,https://www.posta.com.tr/ankarada-feto-sorusturmasinda-22-gozalti-karari-2334244,TRUE,FALSE,FALSE,FALSE,,,80,0,0,3,3,0,0
TRUE,FALSE,https://www.haberler.com/fahriye-evcen-den-karizmatik-pozunu-paylasan-14162027-haberi/,TRUE,FALSE,FALSE,FALSE,,Yorumları herkesi gülümsetti! Burak'ın karizmatik pozunu gören Fahriye dayanamadı,86,81,0,4,2,0,0
FALSE,FALSE,https://qoshe.com/gazete/the-korea-times,TRUE,FALSE,FALSE,FALSE,,,40,0,0,4,1,0,0
FALSE,FALSE,https://qoshe.com/gazete/the-times-of-israel-en,TRUE,FALSE,FALSE,FALSE,,,47,0,0,4,1,0,0
TRUE,FALSE,https://www.sondakika.com/haber/haber-bagdaki-kopek-ile-dev-yilan-kapisti-o-anlar-14162157/,TRUE,FALSE,FALSE,FALSE,,Bağdaki köpek ile dev yılan kapıştı O anlar saniye saniye kaydedildi,91,68,0,5,2,0,0
FALSE,FALSE,https://www.haberturk.com/ekonomi/sosyal-guvenlik/memur,TRUE,FALSE,FALSE,FALSE,,Memur,55,5,0,5,2,0,0
TRUE,FALSE,https://www.f5haber.com/gundem/diyanet-isleri-baskan-yardimcisi-cocuk-evlilikleri-hicbir-sekilde-kabul-edilemez-5939275,TRUE,FALSE,FALSE,FALSE,,Diyanet İşleri Başkan Yardımcısı: Çocuk evlilikleri hiçbir şekilde kabul edilemez,119,81,0,4,2,0,0
TRUE,FALSE,https://www.borsagundem.com/redirect/1574432,TRUE,FALSE,FALSE,FALSE,,"Dolar zirve yaptı, borsa düşüyor",44,32,0,4,2,0,0
FALSE,FALSE,http://www.gazetevatan.com/maske-ile-ilgili-flas-karar-tarih-oluyor-gerekmeyecek-1393250-gundem-galeri-haber/,TRUE,FALSE,FALSE,FALSE,,,109,0,0,4,2,0,0
TRUE,FALSE,http://www.gazetevatan.com/petrol-mujdesi-bakan-donmez-tarih-verdi-1393308-ekonomi/,TRUE,FALSE,FALSE,FALSE,,,83,0,0,4,2,0,0
TRUE,TRUE,/TR/AL/sou/www.cnnturk.com/CNN Turk,TRUE,FALSE,FALSE,FALSE,,,35,0,0,5,2,0,0
TRUE,FALSE,https://www.posta.com.tr/izmirde-hastane-onunde-dehset-anlari-motosikletten-ates-acti-3u-agir-5-kisi-yarali-2334241,TRUE,FALSE,FALSE,FALSE,,,115,0,0,3,3,0,0
TRUE,FALSE,https://www.posta.com.tr/galatasarayda-ayrilik-krizi-2334238,TRUE,FALSE,FALSE,FALSE,,,60,0,0,3,3,0,0
TRUE,FALSE,https://www.haberler.com/ilker-kaleli-ile-ask-yasayan-sila-039-dan-sasirtan-14161256-haberi/,TRUE,FALSE,FALSE,FALSE,,"Sıla, dostu Sinem Kobal'ı tek kalemde sildi! Sebebi ise İlker Kaleli",92,68,0,4,2,0,0
